,blockNumber,timeStamp,hash,nonce,blockHash,transactionIndex,from,to,value,gas,gasPrice,isError,txreceipt_status,input,contractAddress,cumulativeGasUsed,gasUsed,confirmations
1,12692669,1624481526,0x2651855c9a94c40fd4182628fe2136e6820875446fd49687f77173baff4e07f9,4,0xd510649b6a8659246c693f11d446496240d45ba6244c64f050dee68d4cbe6904,145,0x01612c7141db98fea984106bbd582922a830b9e2,0x7a250d5630b4cf539739df2c5dacb4c659f2488d,24913239457786715,196124,14300000000,0,1,0xfb3bdb4100000000000000000000000000000000000000000000001b1ae4d6e2ef500000000000000000000000000000000000000000000000000000000000000000008000000000000000000000000001612c7141db98fea984106bbd582922a830b9e20000000000000000000000000000000000000000000000000000000060d3a3370000000000000000000000000000000000000000000000000000000000000002000000000000000000000000c02aaa39b223fe8d0a0e5c4f27ead9083c756cc2000000000000000000000000aa8330fb2b4d5d07abfe7a72262752a8505c6b37,,10966014,138853,2
2,12692669,1624481526,0x3511846912b98dd489b89358f21d14fe0a14c5dbe8706e64eb19edf9f858508e,3699,0xd510649b6a8659246c693f11d446496240d45ba6244c64f050dee68d4cbe6904,135,0xedf7b675a2fe3c27efb263fb4c204a3f0fb17d46,0x7a250d5630b4cf539739df2c5dacb4c659f2488d,1000000000000000000,157629,15000000000,0,1,0x7ff36ab500000000000000000000000000000000000000000000000000000000728c048e0000000000000000000000000000000000000000000000000000000000000080000000000000000000000000edf7b675a2fe3c27efb263fb4c204a3f0fb17d460000000000000000000000000000000000000000000000000000000060d3a3670000000000000000000000000000000000000000000000000000000000000002000000000000000000000000c02aaa39b223fe8d0a0e5c4f27ead9083c756cc2000000000000000000000000a0b86991c6218b36c1d19d4a2e9eb0ce3606eb48,,10320016,116494,2
3,12692669,1624481526,0xb74a40c79e86a782cd5a998e7f40f6b956a7959401f615464bfac81524dd1375,140,0xd510649b6a8659246c693f11d446496240d45ba6244c64f050dee68d4cbe6904,132,0xa87d45da837be4bd7ff12db7253a9e4d02ef0df9,0x7a250d5630b4cf539739df2c5dacb4c659f2488d,1000000000000000000,227100,15000000000,0,1,0x7ff36ab5000000000000000000000000000000000000000000000000511b84b2f81b5b070000000000000000000000000000000000000000000000000000000000000080000000000000000000000000a87d45da837be4bd7ff12db7253a9e4d02ef0df90000000000000000000000000000000000000000000000000000000060d3a3640000000000000000000000000000000000000000000000000000000000000002000000000000000000000000c02aaa39b223fe8d0a0e5c4f27ead9083c756cc20000000000000000000000007cec018ceef82339ee583fd95446334f2685d24f,,9991898,148066,2
4,12692669,1624481526,0x62fce65b8112770b817db87528c28b4765d0ffa728c3f24ab5405a9a73e8d09c,253,0xd510649b6a8659246c693f11d446496240d45ba6244c64f050dee68d4cbe6904,126,0x42c8e8c55c38f14c6b32a4bf4f5fb89be7cd5591,0x7a250d5630b4cf539739df2c5dacb4c659f2488d,0,522093,15000000000,1,0,0x5c11d7950000000000000000000000000000000000000000000006675a7290db881e0d4b0000000000000000000000000000000000000000000001affbbc2ad215f087c500000000000000000000000000000000000000000000000000000000000000a000000000000000000000000042c8e8c55c38f14c6b32a4bf4f5fb89be7cd55910000000000000000000000000000000000000000000000000000000060d39fb3000000000000000000000000000000000000000000000000000000000000000300000000000000000000000031a4f372aa891b46ba44dc64be1d8947c889e9c6000000000000000000000000c02aaa39b223fe8d0a0e5c4f27ead9083c756cc200000000000000000000000076851a93977bea9264c32255b6457882035c7501,,9423568,424751,2
5,12692669,1624481526,0xc0ee82c3c125804eba46110b6f29d9eb2b43eb0db2608b6d0109d2637ea0eae9,90,0xd510649b6a8659246c693f11d446496240d45ba6244c64f050dee68d4cbe6904,117,0xcd46a743842657028c1c6c34cdb6bd1a403bded5,0x7a250d5630b4cf539739df2c5dacb4c659f2488d,39508079614077751,238228,15400000000,0,1,0x7ff36ab500000000000000000000000000000000000000000000000002455988ff70f4f30000000000000000000000000000000000000000000000000000000000000080000000000000000000000000cd46a743842657028c1c6c34cdb6bd1a403bded50000000000000000000000000000000000000000000000000000000060d3a5bf0000000000000000000000000000000000000000000000000000000000000002000000000000000000000000c02aaa39b223fe8d0a0e5c4f27ead9083c756cc2000000000000000000000000767b4e3d51068340729ac658bb35927e3ad57b7a,,8091892,172195,2
6,12692669,1624481526,0xb5220cace55a493d456625e161f5d88b7a3a6ff82f75944acf515bcd992b3cfa,1738,0xd510649b6a8659246c693f11d446496240d45ba6244c64f050dee68d4cbe6904,115,0xef5e089fb126aa0207dbc6ae619c9e51eb3baafc,0x7a250d5630b4cf539739df2c5dacb4c659f2488d,0,208186,15400000000,0,1,0x5c11d795000000000000000000000000000000000000000000000000caef550626898000000000000000000000000000000000000000000000000000445c4450ee9f10fb00000000000000000000000000000000000000000000000000000000000000a0000000000000000000000000ef5e089fb126aa0207dbc6ae619c9e51eb3baafc0000000000000000000000000000000000000000000000000000000060d3a10c00000000000000000000000000000000000000000000000000000000000000030000000000000000000000004ba6ddd7b89ed838fed25d208d4f644106e34279000000000000000000000000c02aaa39b223fe8d0a0e5c4f27ead9083c756cc20000000000000000000000004a220e6096b25eadb88358cb44068a3248254675,,7745443,176901,2
7,12692669,1624481526,0x7c22a8c9b766d9aabd2ff1229bf8def1c7bb98c92a9e3dc55a0821f86f047e51,303,0xd510649b6a8659246c693f11d446496240d45ba6244c64f050dee68d4cbe6904,114,0xc7608fe7e4b38ddc5ea292b4935798a56333a35b,0x7a250d5630b4cf539739df2c5dacb4c659f2488d,0,186534,15400000000,0,1,0x18cbafe5000000000000000000000000000000000000000000000001af18819a6a8454000000000000000000000000000000000000000000000000000016a2e71652816500000000000000000000000000000000000000000000000000000000000000a0000000000000000000000000c7608fe7e4b38ddc5ea292b4935798a56333a35b0000000000000000000000000000000000000000000000000000000060d3a36700000000000000000000000000000000000000000000000000000000000000020000000000000000000000001614f18fc94f47967a3fbe5ffcd46d4e7da3d787000000000000000000000000c02aaa39b223fe8d0a0e5c4f27ead9083c756cc2,,7568542,115863,2
8,12692669,1624481526,0xf9c5a4c2c7793f3349627b1fd6dd51f7ce9f67c773c031f9e61866e5b5cf477c,65,0xd510649b6a8659246c693f11d446496240d45ba6244c64f050dee68d4cbe6904,106,0xb0b0f09a99d8ad135a54487aa327ec899cd744f1,0x7a250d5630b4cf539739df2c5dacb4c659f2488d,0,170653,16000000000,1,0,0x18cbafe5000000000000000000000000000000000000000000001969368974c05b0000000000000000000000000000000000000000000000000000005d1df3605f820da200000000000000000000000000000000000000000000000000000000000000a0000000000000000000000000b0b0f09a99d8ad135a54487aa327ec899cd744f10000000000000000000000000000000000000000000000000000000060d3a5bf000000000000000000000000000000000000000000000000000000000000000200000000000000000000000043a96962254855f16b925556f9e97be436a43448000000000000000000000000c02aaa39b223fe8d0a0e5c4f27ead9083c756cc2,,6902504,31702,2
9,12692669,1624481526,0x83feee931780988e22c3df1dc4db863b9ca54ff9f1ab7cd3dead19a532711267,26,0xd510649b6a8659246c693f11d446496240d45ba6244c64f050dee68d4cbe6904,93,0x471d82d7f3100de48e2aea293371b654f38443bb,0x7a250d5630b4cf539739df2c5dacb4c659f2488d,35000000000000000,176293,17200000000,0,1,0x7ff36ab500000000000000000000000000000000000000000000000500240764f60f60eb0000000000000000000000000000000000000000000000000000000000000080000000000000000000000000471d82d7f3100de48e2aea293371b654f38443bb0000000000000000000000000000000000000000000000000000000060d3acc70000000000000000000000000000000000000000000000000000000000000002000000000000000000000000c02aaa39b223fe8d0a0e5c4f27ead9083c756cc2000000000000000000000000993864e43caa7f7f12953ad6feb1d1ca635b875f,,5577159,121389,2
10,12692669,1624481526,0x70e6cb2850292ed5ae555b825faaecca2ecd75422be63ffcc764ec7ec859b5bd,10,0xd510649b6a8659246c693f11d446496240d45ba6244c64f050dee68d4cbe6904,85,0xdc055750c938ee4915ce8ae01957b956cda6abe8,0x7a250d5630b4cf539739df2c5dacb4c659f2488d,0,205231,18000000000,0,1,0x791ac94700000000000000000000000000000000000000000000031336d384b7a5260e440000000000000000000000000000000000000000000000000579291feddffd5100000000000000000000000000000000000000000000000000000000000000a0000000000000000000000000dc055750c938ee4915ce8ae01957b956cda6abe80000000000000000000000000000000000000000000000000000000060d3a5bf00000000000000000000000000000000000000000000000000000000000000020000000000000000000000008b3192f5eebd8579568a2ed41e6feb402f93f73f000000000000000000000000c02aaa39b223fe8d0a0e5c4f27ead9083c756cc2,,5205534,146138,2
11,12692669,1624481526,0x763f7d9e04d68a2ef31136836dccb071bd15d0b794f06f83162f337b58168321,90331,0xd510649b6a8659246c693f11d446496240d45ba6244c64f050dee68d4cbe6904,31,0xbf5ae133b9a0fc1a07952a7df2afa21f7f69ef58,0x7a250d5630b4cf539739df2c5dacb4c659f2488d,0,250000,24000000000,0,1,0x38ed173900000000000000000000000000000000000000000000013835d5a7f68400000000000000000000000000000000000000000000000000000006fd82730c30c48000000000000000000000000000000000000000000000000000000000000000a0000000000000000000000000bf5ae133b9a0fc1a07952a7df2afa21f7f69ef580000000000000000000000000000000000000000000000000000000060d3a1540000000000000000000000000000000000000000000000000000000000000002000000000000000000000000474021845c4643113458ea4414bdb7fb74a01a77000000000000000000000000c02aaa39b223fe8d0a0e5c4f27ead9083c756cc2,,2578706,105631,2
12,12692669,1624481526,0xbf3a5b28202f83cda9ff66ea104dddf371a82528316346647b22e584e3fd7d2d,100,0xd510649b6a8659246c693f11d446496240d45ba6244c64f050dee68d4cbe6904,30,0x3f598d2aaf12ca445a5a56aab8e6d79bd7b6a0e4,0x7a250d5630b4cf539739df2c5dacb4c659f2488d,56099751021814629,211895,24000000000,0,1,0xfb3bdb410000000000000000000000000000000000000000000000001073d028e5b9ca0000000000000000000000000000000000000000000000000000000000000000800000000000000000000000003f598d2aaf12ca445a5a56aab8e6d79bd7b6a0e40000000000000000000000000000000000000000000000000000000060d3a3a10000000000000000000000000000000000000000000000000000000000000002000000000000000000000000c02aaa39b223fe8d0a0e5c4f27ead9083c756cc200000000000000000000000097d5928291652d7f65e9031c66745ea974c97a42,,2473075,168048,2
13,12692669,1624481526,0x89201da0339722fe018ebad7785d6ea48884db85d930cf245327368b30cc2ef5,611,0xd510649b6a8659246c693f11d446496240d45ba6244c64f050dee68d4cbe6904,3,0xf97db1c0e3d429731fc5a7fa4eb4fd372a234841,0x7a250d5630b4cf539739df2c5dacb4c659f2488d,300000000000000000,238228,90000000000,0,1,0x7ff36ab50000000000000000000000000000000000000000000000001444634843d23a970000000000000000000000000000000000000000000000000000000000000080000000000000000000000000f97db1c0e3d429731fc5a7fa4eb4fd372a2348410000000000000000000000000000000000000000000000000000000060d3a3670000000000000000000000000000000000000000000000000000000000000002000000000000000000000000c02aaa39b223fe8d0a0e5c4f27ead9083c756cc2000000000000000000000000767b4e3d51068340729ac658bb35927e3ad57b7a,,991346,182611,2
