,blockNumber,timestamp_iso8601,timestamp_unixtime,owner,spender,value
0,12848800,2021-07-18T05:29:20Z,1626586160,0xafe7309fd01a5e6d5a258e911461ecb9558fbfdf,0x7a250d5630b4cf539739df2c5dacb4c659f2488d,115792089237316195423570985008687907853269984665640564039453253325103129639935
0,12848796,2021-07-18T05:28:38Z,1626586118,0xafe7309fd01a5e6d5a258e911461ecb9558fbfdf,0x7a250d5630b4cf539739df2c5dacb4c659f2488d,115792089237316195423570985008687907853269984665640564039457584007913129639935
0,12838489,2021-07-16T14:37:26Z,1626446246,0xb64efeac94ed0812a9bceff901d56d99a6221728,0x2faf487a4414fe77e2327f0bf4ae2a264a776ad2,115792089237316195423570985008687907853269984665640564039447584007913129639935
0,12838474,2021-07-16T14:34:36Z,1626446076,0xb64efeac94ed0812a9bceff901d56d99a6221728,0x2faf487a4414fe77e2327f0bf4ae2a264a776ad2,115792089237316195423570985008687907853269984665640564039457584007913129639935
0,12834715,2021-07-16T00:17:14Z,1626394634,0x16a96c47d0a339aeb85c1dfc57de11791d072b53,0x7a250d5630b4cf539739df2c5dacb4c659f2488d,115792089237316195423570985008687907853269984665640564039457584007913129639935
0,12834136,2021-07-15T22:09:39Z,1626386979,0xd01be2d746c2941d209d3515e87e4e11c4721142,0x2faf487a4414fe77e2327f0bf4ae2a264a776ad2,115792089237316195423570985008687907853269984665640564039455556650863129639935
0,12834123,2021-07-15T22:06:34Z,1626386794,0xd01be2d746c2941d209d3515e87e4e11c4721142,0x2faf487a4414fe77e2327f0bf4ae2a264a776ad2,115792089237316195423570985008687907853269984665640564039457584007913129639935
0,12832440,2021-07-15T15:57:05Z,1626364625,0x74de5d4fcbf63e00296fd95d33236b9794016631,0xdef1c0ded9bec7f1a1670819833240f027b25eff,115792089237316195423570985008687907853269984665640564037931738551599704348374
0,12831792,2021-07-15T13:21:10Z,1626355270,0xef94af0495ddc90f0d81ad2487578e9c554c40e9,0x7a250d5630b4cf539739df2c5dacb4c659f2488d,115792089237316195423570985008687907853269984665640564039456412661979161464012
0,12831771,2021-07-15T13:16:48Z,1626355008,0xef94af0495ddc90f0d81ad2487578e9c554c40e9,0x7a250d5630b4cf539739df2c5dacb4c659f2488d,115792089237316195423570985008687907853269984665640564039457584007913129639935
0,12829388,2021-07-15T04:30:14Z,1626323414,0xfaaca6db387d3a2824ede72ddafa9857384c75ac,0x7a250d5630b4cf539739df2c5dacb4c659f2488d,115792089237316195423570985008687907853269984665640564039452543634091112946140
0,12828113,2021-07-14T23:38:37Z,1626305917,0x2d8304750a8ac17dc1b9a5da1c85c0a55f12c3d3,0x881d40237659c251811cec9c364ef91dc08d300c,90071992547409910000000000
0,12824346,2021-07-14T09:30:32Z,1626255032,0x81597f8da97002d7f1075bb82a259797122731f3,0x2faf487a4414fe77e2327f0bf4ae2a264a776ad2,115792089237316195423570985008687907853269984665640564039440481527903129639935
0,12824331,2021-07-14T09:27:44Z,1626254864,0x81597f8da97002d7f1075bb82a259797122731f3,0x2faf487a4414fe77e2327f0bf4ae2a264a776ad2,115792089237316195423570985008687907853269984665640564039457584007913129639935
0,12822940,2021-07-14T04:06:29Z,1626235589,0xfaaca6db387d3a2824ede72ddafa9857384c75ac,0x7a250d5630b4cf539739df2c5dacb4c659f2488d,115792089237316195423570985008687907853269984665640564039457584007913129639935
0,12821130,2021-07-13T21:12:29Z,1626210749,0x74de5d4fcbf63e00296fd95d33236b9794016631,0xdef1c0ded9bec7f1a1670819833240f027b25eff,115792089237316195423570985008687907853269984665640564037941866149531892456549
0,12821076,2021-07-13T20:59:32Z,1626209972,0xc8d0f5497a60a9b6c2cd15f0ce30be3fd7bb614b,0x7a250d5630b4cf539739df2c5dacb4c659f2488d,115792089237316195423570985008687907853269984665640564039457584007913129639935
0,12814416,2021-07-12T19:46:01Z,1626119161,0x12c2d62a7375fb93b3485e02495d69bc10bef484,0x2faf487a4414fe77e2327f0bf4ae2a264a776ad2,115792089237316195423570985008687907853269984665640564039382584007913129639935
0,12814400,2021-07-12T19:42:51Z,1626118971,0x12c2d62a7375fb93b3485e02495d69bc10bef484,0x2faf487a4414fe77e2327f0bf4ae2a264a776ad2,115792089237316195423570985008687907853269984665640564039457584007913129639935
0,12813990,2021-07-12T18:09:53Z,1626113393,0x10a5cc530f7b308652e8c9f838cad4f6a7fa25c8,0xdef1c0ded9bec7f1a1670819833240f027b25eff,0
0,12813985,2021-07-12T18:08:53Z,1626113333,0x10a5cc530f7b308652e8c9f838cad4f6a7fa25c8,0xdef1c0ded9bec7f1a1670819833240f027b25eff,2433740240783642498
0,12809351,2021-07-12T00:45:48Z,1626050748,0xcbd7d22dd7f5b7e856478027844149c47999e38a,0xdef1c0ded9bec7f1a1670819833240f027b25eff,0
0,12809347,2021-07-12T00:45:10Z,1626050710,0xcbd7d22dd7f5b7e856478027844149c47999e38a,0xdef1c0ded9bec7f1a1670819833240f027b25eff,1998970977650913728
0,12805112,2021-07-11T09:10:59Z,1625994659,0x04153776761994d676c68147b89f9bdffbaef512,0x7a250d5630b4cf539739df2c5dacb4c659f2488d,115792089237316195423570985008687907853269984665640564039457584007913129639935
0,12802398,2021-07-10T22:52:46Z,1625957566,0xc4417ee91ec12a94cf8cbe5e8f19e7db84b8df4c,0xdef1c0ded9bec7f1a1670819833240f027b25eff,115792089237316195423570985008687907853269984665640564039455671929520444320904
0,12802383,2021-07-10T22:50:48Z,1625957448,0xc4417ee91ec12a94cf8cbe5e8f19e7db84b8df4c,0xdef1c0ded9bec7f1a1670819833240f027b25eff,115792089237316195423570985008687907853269984665640564039457584007913129639935
0,12798808,2021-07-10T09:16:13Z,1625908573,0x50ba55bf41580f0ba7df31d9d20b129e6d2df6ae,0xdef1c0ded9bec7f1a1670819833240f027b25eff,115792089237316195423570985008687907853269984665640564039453786710543205114313
0,12798800,2021-07-10T09:14:59Z,1625908499,0x50ba55bf41580f0ba7df31d9d20b129e6d2df6ae,0xdef1c0ded9bec7f1a1670819833240f027b25eff,115792089237316195423570985008687907853269984665640564039457584007913129639935
0,12792828,2021-07-09T11:07:32Z,1625828852,0xc4417ee91ec12a94cf8cbe5e8f19e7db84b8df4c,0xe703c7897bc8c93ef2cac73dc140824b3f012eed,1915824935930613200
0,12787043,2021-07-08T13:43:33Z,1625751813,0xf4cace4b86b6f3ce49004ab2ab6310a3ef804845,0x2faf487a4414fe77e2327f0bf4ae2a264a776ad2,115792089237316195423570985008687907853269984665640564039399489005963129639935
0,12787029,2021-07-08T13:40:46Z,1625751646,0xf4cace4b86b6f3ce49004ab2ab6310a3ef804845,0x2faf487a4414fe77e2327f0bf4ae2a264a776ad2,115792089237316195423570985008687907853269984665640564039457584007913129639935
0,12786876,2021-07-08T13:09:08Z,1625749748,0x0665e186b908378d3b3ddaf783ad08e724af477f,0x7a250d5630b4cf539739df2c5dacb4c659f2488d,115792089237316195423570985008687907853269984665640564039450584007913129639935
0,12786449,2021-07-08T11:32:31Z,1625743951,0xf2b95628bb54a348279447f099cd0ed40bd66b21,0x2faf487a4414fe77e2327f0bf4ae2a264a776ad2,115792089237316195423570985008687907853269984665640564037874127417493129639935
0,12783000,2021-07-07T22:28:45Z,1625696925,0x516e5878c8d2b44fab1f636461d67810d6e89b96,0x2faf487a4414fe77e2327f0bf4ae2a264a776ad2,115792089237316195423570985008687907853269984665640564039260584007913129639935
0,12782718,2021-07-07T21:28:00Z,1625693280,0x516e5878c8d2b44fab1f636461d67810d6e89b96,0x2faf487a4414fe77e2327f0bf4ae2a264a776ad2,115792089237316195423570985008687907853269984665640564039395584007913129639935
0,12782704,2021-07-07T21:25:04Z,1625693104,0x516e5878c8d2b44fab1f636461d67810d6e89b96,0x2faf487a4414fe77e2327f0bf4ae2a264a776ad2,115792089237316195423570985008687907853269984665640564039457584007913129639935
0,12778838,2021-07-07T06:57:11Z,1625641031,0x74de5d4fcbf63e00296fd95d33236b9794016631,0x11111112542d85b3ef69ae05771c2dccff4faa26,115792089237316195423570985008687907853269984665640564036260376579707169089435
0,12771749,2021-07-06T04:24:42Z,1625545482,0xe2c54eccab1079467531ac5d3b7bf11d15f0309f,0x7a250d5630b4cf539739df2c5dacb4c659f2488d,115792089237316195423570985008687907853269984665640564039457584007913129639935
0,12770586,2021-07-05T23:58:35Z,1625529515,0xe0fc5c7363de163cfaa962ef42664ef92f671fa6,0x7a250d5630b4cf539739df2c5dacb4c659f2488d,115792089237316195423570985008687907853269984665640564039456166438117551438479
0,12770578,2021-07-05T23:56:50Z,1625529410,0xe0fc5c7363de163cfaa962ef42664ef92f671fa6,0x7a250d5630b4cf539739df2c5dacb4c659f2488d,115792089237316195423570985008687907853269984665640564039457584007913129639935
0,12761304,2021-07-04T13:32:34Z,1625405554,0xc5bfcbf8edb7cf6e7f4392c351961159db280720,0x7a250d5630b4cf539739df2c5dacb4c659f2488d,115792089237316195423570985008687907853269984665640564039457315139305546683593
0,12761230,2021-07-04T13:14:37Z,1625404477,0x33eecc48943aaeabb5328a25ff28eb85f67945c2,0x11111112542d85b3ef69ae05771c2dccff4faa26,115792089237316195423570985008687907853269984665640564039445408266827029322946
0,12757630,2021-07-03T23:40:55Z,1625355655,0xa07f573d9a329b7bcb4f7788fd9694ab6841542a,0x7a250d5630b4cf539739df2c5dacb4c659f2488d,115792089237316195423570985008687907853269984665640564039455885301870256831646
0,12757629,2021-07-03T23:40:47Z,1625355647,0xa07f573d9a329b7bcb4f7788fd9694ab6841542a,0x7a250d5630b4cf539739df2c5dacb4c659f2488d,115792089237316195423570985008687907853269984665640564039457584007913129639935
0,12746248,2021-07-02T05:06:31Z,1625202391,0x3e17fac953de2cd729b0ace7f6d4353387717e9e,0x7a250d5630b4cf539739df2c5dacb4c659f2488d,115792089237316195423570985008687907853269984665640564039455272043050696803457
0,12746238,2021-07-02T05:03:49Z,1625202229,0x3e17fac953de2cd729b0ace7f6d4353387717e9e,0x7a250d5630b4cf539739df2c5dacb4c659f2488d,115792089237316195423570985008687907853269984665640564039457584007913129639935
0,12744153,2021-07-01T21:28:21Z,1625174901,0x6f026dd1987109cb1dcd5a22da54ed268bba4b4c,0x2faf487a4414fe77e2327f0bf4ae2a264a776ad2,115792089237316195423570985008687907853269984665640564039327584007913129639935
0,12744138,2021-07-01T21:25:17Z,1625174717,0x6f026dd1987109cb1dcd5a22da54ed268bba4b4c,0x2faf487a4414fe77e2327f0bf4ae2a264a776ad2,115792089237316195423570985008687907853269984665640564039457584007913129639935
0,12743080,2021-07-01T17:15:52Z,1625159752,0x189c415968ea2f62f6430d5050df872221633340,0x7a250d5630b4cf539739df2c5dacb4c659f2488d,115792089237316195423570985008687907853269984665640564039454320042513129639935
0,12743074,2021-07-01T17:14:22Z,1625159662,0x189c415968ea2f62f6430d5050df872221633340,0x7a250d5630b4cf539739df2c5dacb4c659f2488d,115792089237316195423570985008687907853269984665640564039457584007913129639935
0,12738860,2021-07-01T01:22:03Z,1625102523,0x36e8446e8ea3fa13672e628e0befde2fe5856ab5,0x2faf487a4414fe77e2327f0bf4ae2a264a776ad2,115792089237316195423570985008687907853269984665640564039257584007913129639935
0,12737047,2021-06-30T18:40:47Z,1625078447,0x74de5d4fcbf63e00296fd95d33236b9794016631,0x11111112542d85b3ef69ae05771c2dccff4faa26,115792089237316195423570985008687907853269984665640564036286740579427323530075
0,12729460,2021-06-29T14:23:40Z,1624976620,0x857bb43ac727f4d325a6f19db2f033ee1524dd2c,0x2faf487a4414fe77e2327f0bf4ae2a264a776ad2,115792089237316195423570985008687907853269984665640564039354816741094489669424
0,12729441,2021-06-29T14:19:48Z,1624976388,0x857bb43ac727f4d325a6f19db2f033ee1524dd2c,0x2faf487a4414fe77e2327f0bf4ae2a264a776ad2,115792089237316195423570985008687907853269984665640564039457584007913129639935
0,12728433,2021-06-29T10:27:11Z,1624962431,0x36e8446e8ea3fa13672e628e0befde2fe5856ab5,0x2faf487a4414fe77e2327f0bf4ae2a264a776ad2,115792089237316195423570985008687907853269984665640564039327584007913129639935
0,12728422,2021-06-29T10:25:29Z,1624962329,0x36e8446e8ea3fa13672e628e0befde2fe5856ab5,0x2faf487a4414fe77e2327f0bf4ae2a264a776ad2,115792089237316195423570985008687907853269984665640564039457584007913129639935
0,12727095,2021-06-29T05:24:52Z,1624944292,0x9ce6e6b60c894d1df9bc3d9d6cc969b79fb176b7,0xdef1c0ded9bec7f1a1670819833240f027b25eff,0
0,12727092,2021-06-29T05:23:36Z,1624944216,0x9ce6e6b60c894d1df9bc3d9d6cc969b79fb176b7,0xdef1c0ded9bec7f1a1670819833240f027b25eff,12489404609556991610
0,12724377,2021-06-28T19:28:59Z,1624908539,0x74de5d4fcbf63e00296fd95d33236b9794016631,0xdef1c0ded9bec7f1a1670819833240f027b25eff,115792089237316195423570985008687907853269984665640564037945135214431892456549
0,12715430,2021-06-27T09:54:20Z,1624787660,0x365c2d0e8fe36c672238e928fc69a8e80220df9d,0x7a250d5630b4cf539739df2c5dacb4c659f2488d,115792089237316195423570985008687907853269984665640564039456550087582734992783
0,12711195,2021-06-26T18:17:21Z,1624731441,0x2da97f54568dbfab098f31831bce0bb366956e25,0x7a250d5630b4cf539739df2c5dacb4c659f2488d,115792089237316195423570985008687907853269984665640564039451584007913129639935
0,12711169,2021-06-26T18:11:15Z,1624731075,0x2da97f54568dbfab098f31831bce0bb366956e25,0x7a250d5630b4cf539739df2c5dacb4c659f2488d,115792089237316195423570985008687907853269984665640564039457584007913129639935
0,12709492,2021-06-26T11:44:56Z,1624707896,0xfcd1ad31c93fe9ec38742c686039bbdb1abb95dc,0xdef1c0ded9bec7f1a1670819833240f027b25eff,115792089237316195423570985008687907853269984665640564039455584007913129639935
0,12709429,2021-06-26T11:29:30Z,1624706970,0xfcd1ad31c93fe9ec38742c686039bbdb1abb95dc,0xdef1c0ded9bec7f1a1670819833240f027b25eff,115792089237316195423570985008687907853269984665640564039457584007913129639935
0,12701749,2021-06-25T06:40:36Z,1624603236,0x6895bf2b72ec63c143533219e7ac0fb039985ac3,0x881d40237659c251811cec9c364ef91dc08d300c,90071992547409910000000000
0,12701044,2021-06-25T04:05:34Z,1624593934,0x74de5d4fcbf63e00296fd95d33236b9794016631,0x11111112542d85b3ef69ae05771c2dccff4faa26,115792089237316195423570985008687907853269984665640564036295894554408448530075
0,12696376,2021-06-24T10:44:24Z,1624531464,0x218172ec802d45a8f14e41b19286b5b7c030c689,0x11111112542d85b3ef69ae05771c2dccff4faa26,115792089237316195423570985008687907853269984665640564039449225572398196907299
0,12696372,2021-06-24T10:43:17Z,1624531397,0x218172ec802d45a8f14e41b19286b5b7c030c689,0x11111112542d85b3ef69ae05771c2dccff4faa26,115792089237316195423570985008687907853269984665640564039457584007913129639935
0,12693875,2021-06-24T01:13:39Z,1624497219,0x74de5d4fcbf63e00296fd95d33236b9794016631,0x11111112542d85b3ef69ae05771c2dccff4faa26,115792089237316195423570985008687907853269984665640564036295895295034946929830
0,12692068,2021-06-23T18:42:44Z,1624473764,0x1d3db45f912c74de554409c1ad0d27dbcb26b726,0xdef1c0ded9bec7f1a1670819833240f027b25eff,0
0,12692065,2021-06-23T18:42:03Z,1624473723,0x1d3db45f912c74de554409c1ad0d27dbcb26b726,0xdef1c0ded9bec7f1a1670819833240f027b25eff,4802799545389019073
0,12690429,2021-06-23T12:40:34Z,1624452034,0x74de5d4fcbf63e00296fd95d33236b9794016631,0x11111112542d85b3ef69ae05771c2dccff4faa26,115792089237316195423570985008687907853269984665640564036304941813047977046451
0,12689628,2021-06-23T09:38:45Z,1624441125,0xc5bfcbf8edb7cf6e7f4392c351961159db280720,0x7a250d5630b4cf539739df2c5dacb4c659f2488d,115792089237316195423570985008687907853269984665640564039457584007913129639935
0,12682804,2021-06-22T07:51:18Z,1624348278,0x257b08b094e2c83e47104f7b093ab9dabd393644,0x7a250d5630b4cf539739df2c5dacb4c659f2488d,115792089237316195423570985008687907853269984665640564039457584007913129639935
0,12675087,2021-06-21T02:40:52Z,1624243252,0xd7f397a87d0b308ae01c551553e95d3669506910,0x11111112542d85b3ef69ae05771c2dccff4faa26,115792089237316195423570985008687907853269984665640564039455854047220510332674
0,12675061,2021-06-21T02:33:58Z,1624242838,0xd7f397a87d0b308ae01c551553e95d3669506910,0x11111112542d85b3ef69ae05771c2dccff4faa26,115792089237316195423570985008687907853269984665640564039457584007913129639935
0,12671263,2021-06-20T12:34:24Z,1624192464,0x53f4e9a7bc507a824da68bf9d87b34a42edaae37,0x7a250d5630b4cf539739df2c5dacb4c659f2488d,115792089237316195423570985008687907853269984665640564039391116637008238262331
0,12671252,2021-06-20T12:32:49Z,1624192369,0x53f4e9a7bc507a824da68bf9d87b34a42edaae37,0x7a250d5630b4cf539739df2c5dacb4c659f2488d,115792089237316195423570985008687907853269984665640564039397584007913129639935
0,12670423,2021-06-20T09:24:42Z,1624181082,0x53f4e9a7bc507a824da68bf9d87b34a42edaae37,0x7a250d5630b4cf539739df2c5dacb4c659f2488d,115792089237316195423570985008687907853269984665640564039405584007913129639935
0,12670406,2021-06-20T09:20:38Z,1624180838,0x53f4e9a7bc507a824da68bf9d87b34a42edaae37,0x7a250d5630b4cf539739df2c5dacb4c659f2488d,115792089237316195423570985008687907853269984665640564039413584007913129639935
0,12670401,2021-06-20T09:19:35Z,1624180775,0x53f4e9a7bc507a824da68bf9d87b34a42edaae37,0x7a250d5630b4cf539739df2c5dacb4c659f2488d,115792089237316195423570985008687907853269984665640564039421584007913129639935
0,12670391,2021-06-20T09:17:13Z,1624180633,0x53f4e9a7bc507a824da68bf9d87b34a42edaae37,0x7a250d5630b4cf539739df2c5dacb4c659f2488d,115792089237316195423570985008687907853269984665640564039429584007913129639935
0,12670390,2021-06-20T09:17:05Z,1624180625,0x53f4e9a7bc507a824da68bf9d87b34a42edaae37,0x7a250d5630b4cf539739df2c5dacb4c659f2488d,115792089237316195423570985008687907853269984665640564039436584007913129639935
0,12670356,2021-06-20T09:10:09Z,1624180209,0x53f4e9a7bc507a824da68bf9d87b34a42edaae37,0x7a250d5630b4cf539739df2c5dacb4c659f2488d,115792089237316195423570985008687907853269984665640564039443584007913129639935
0,12670350,2021-06-20T09:08:41Z,1624180121,0x53f4e9a7bc507a824da68bf9d87b34a42edaae37,0x7a250d5630b4cf539739df2c5dacb4c659f2488d,115792089237316195423570985008687907853269984665640564039450584007913129639935
0,12670342,2021-06-20T09:06:36Z,1624179996,0x53f4e9a7bc507a824da68bf9d87b34a42edaae37,0x7a250d5630b4cf539739df2c5dacb4c659f2488d,115792089237316195423570985008687907853269984665640564039457584007913129639935
0,12667314,2021-06-19T21:51:35Z,1624139495,0x404d846c95b2a70104fbae9797305beaa27a4062,0x7a250d5630b4cf539739df2c5dacb4c659f2488d,115792089237316195423570985008687907853269984665640564039454653922758666322373
0,12667311,2021-06-19T21:50:49Z,1624139449,0x404d846c95b2a70104fbae9797305beaa27a4062,0x7a250d5630b4cf539739df2c5dacb4c659f2488d,115792089237316195423570985008687907853269984665640564039457584007913129639935
0,12665168,2021-06-19T13:49:19Z,1624110559,0xef5ea3414764f36653fca301283fd7e390e3ae0e,0x2faf487a4414fe77e2327f0bf4ae2a264a776ad2,115792089237316195423570985008687907853269984665640564025113321235523129639935
0,12663351,2021-06-19T06:58:46Z,1624085926,0x19124ee4114b0444535ee57b30118cbd1ca11eda,0xdef1c0ded9bec7f1a1670819833240f027b25eff,0
0,12658266,2021-06-18T11:55:49Z,1624017349,0x218172ec802d45a8f14e41b19286b5b7c030c689,0x881d40237659c251811cec9c364ef91dc08d300c,90071992547409910000000000
0,12657758,2021-06-18T09:57:55Z,1624010275,0x6a8e3246127ebf21819e2cce7655d60927abaa90,0x7a250d5630b4cf539739df2c5dacb4c659f2488d,115792089237316195423570985008687907853269984665640564039449584007913129639935
0,12644346,2021-06-16T08:14:42Z,1623831282,0x4bce0fe08537878f89d2b35c509e09f794028fc8,0x7a250d5630b4cf539739df2c5dacb4c659f2488d,115792089237316195423570985008687907853269984665640564039457584007913129639935
0,12640473,2021-06-15T17:43:48Z,1623779028,0x5aa6152e0934ad874b6dbdc458c49a6236f19758,0x7a250d5630b4cf539739df2c5dacb4c659f2488d,115792089237316195423570985008687907853269984665640564039437363665369810334749
0,12640460,2021-06-15T17:41:40Z,1623778900,0x5aa6152e0934ad874b6dbdc458c49a6236f19758,0x7a250d5630b4cf539739df2c5dacb4c659f2488d,115792089237316195423570985008687907853269984665640564039457584007913129639935
0,12638926,2021-06-15T12:01:33Z,1623758493,0x1d962dbafbb5ff829d4060c6498e883c8d9a8a85,0x7a250d5630b4cf539739df2c5dacb4c659f2488d,115792089237316195423570985008687907853269984665640564039456576048296613834411
0,12638919,2021-06-15T11:59:46Z,1623758386,0x1d962dbafbb5ff829d4060c6498e883c8d9a8a85,0x7a250d5630b4cf539739df2c5dacb4c659f2488d,115792089237316195423570985008687907853269984665640564039457584007913129639935
0,12636412,2021-06-15T02:43:37Z,1623725017,0x930da716bd7f45a13deb23b9f41f4e9992f982f5,0x7a250d5630b4cf539739df2c5dacb4c659f2488d,115792089237316195423570985008687907853269984665640564039453077280839359675088
0,12636407,2021-06-15T02:42:36Z,1623724956,0x930da716bd7f45a13deb23b9f41f4e9992f982f5,0x7a250d5630b4cf539739df2c5dacb4c659f2488d,115792089237316195423570985008687907853269984665640564039457584007913129639935
0,12633686,2021-06-14T16:37:58Z,1623688678,0x48d3b3bd03ff6189471b1368acbfaf000266f9b0,0x7a250d5630b4cf539739df2c5dacb4c659f2488d,115792089237316195423570985008687907853269984665640564039452521236923724639935
