,blockNumber,timestamp_iso8601,timestamp_unixtime,id,amount
0,12846208,2021-07-17T19:47:58Z,1626551278,153,13875158750000000000
0,12839863,2021-07-16T19:50:49Z,1626465049,152,15378663140000000000
0,12833510,2021-07-15T19:48:53Z,1626378533,151,17887087200000000000
0,12830246,2021-07-15T07:36:12Z,1626334572,150,10806670390000000000
0,12827083,2021-07-14T19:51:10Z,1626292270,149,14452675000000000000
0,12814461,2021-07-12T19:55:55Z,1626119755,148,13907397510000000000
0,12808047,2021-07-11T19:58:31Z,1626033511,147,13984744610000000000
0,12801732,2021-07-10T20:11:42Z,1625947902,146,12750476110000000000
0,12795107,2021-07-09T19:42:23Z,1625859743,145,15589173490000000000
0,12788757,2021-07-08T20:04:05Z,1625774645,144,12323600570000000000
0,12782358,2021-07-07T20:04:57Z,1625688297,143,16282543810000000000
0,12776024,2021-07-06T20:19:07Z,1625602747,142,17107839950000000000
0,12769656,2021-07-05T20:27:25Z,1625516845,141,14845964850000000000
0,12763150,2021-07-04T20:18:10Z,1625429890,140,15636237520000000000
0,12761129,2021-07-04T12:52:57Z,1625403177,139,13514096890000000000
0,12756685,2021-07-03T20:12:57Z,1625343177,138,14895968250000000000
0,12750308,2021-07-02T20:18:36Z,1625257116,137,13660086100000000000
0,12737534,2021-06-30T20:24:17Z,1625084657,136,13780141020000000000
0,12731087,2021-06-29T20:33:18Z,1624998798,135,13714190510000000000
0,12724646,2021-06-28T20:24:47Z,1624911887,134,12115608360000000000
0,12718182,2021-06-27T20:13:57Z,1624824837,133,11875977530000000000
0,12711687,2021-06-26T20:13:13Z,1624738393,132,13662186830000000000
0,12705298,2021-06-25T20:16:23Z,1624652183,131,15234069310000000000
0,12698964,2021-06-24T20:23:52Z,1624566232,130,14579962070000000000
0,12692552,2021-06-23T20:27:31Z,1624480051,129,15591672610000000000
0,12686124,2021-06-22T20:16:23Z,1624392983,128,12535060790000000000
0,12682948,2021-06-22T08:24:49Z,1624350289,127,13166850940000000000
0,12673423,2021-06-20T20:41:13Z,1624221673,126,16288038850000000000
0,12667038,2021-06-19T20:44:29Z,1624135469,125,12713023980000000000
0,12660643,2021-06-18T20:47:45Z,1624049265,124,16165823930000000000
0,12657021,2021-06-18T07:03:47Z,1623999827,123,14472553920000000000
0,12647715,2021-06-16T20:44:33Z,1623876273,122,16632628370000000000
0,12641424,2021-06-15T21:07:11Z,1623791231,121,12099342600000000000
0,12634948,2021-06-14T21:14:16Z,1623705256,120,11689066780000000000
0,12628513,2021-06-13T21:17:37Z,1623619057,119,12235603710000000000
0,12622091,2021-06-12T21:30:58Z,1623533458,118,13154271440000000000
0,12615757,2021-06-11T21:51:49Z,1623448309,117,14341076660000000000
0,12612324,2021-06-11T08:59:17Z,1623401957,116,13613495030000000000
0,12602753,2021-06-09T21:35:49Z,1623274549,115,12698909150000000000
0,12596326,2021-06-08T21:32:34Z,1623187954,114,14369337450000000000
0,12589853,2021-06-07T21:33:34Z,1623101614,113,11556648180000000000
0,12583452,2021-06-06T21:41:51Z,1623015711,112,12447420980000000000
0,12577001,2021-06-05T21:58:36Z,1622930316,111,16429881970000000000
0,12570585,2021-06-04T21:59:25Z,1622843965,110,19931816270000000000
0,12564127,2021-06-03T22:11:53Z,1622758313,109,20465647890000000000
0,12557760,2021-06-02T22:19:17Z,1622672357,108,19882024430000000000
0,12551271,2021-06-01T22:25:14Z,1622586314,107,20879859740000000000
0,12544782,2021-05-31T22:17:45Z,1622499465,106,22649552640000000000
0,12538358,2021-05-30T22:22:07Z,1622413327,105,44421170640000000000
0,12531939,2021-05-29T22:25:18Z,1622327118,104,40572358480000000000
0,12525515,2021-05-28T22:31:26Z,1622241086,103,45228440670000000000
0,12519085,2021-05-27T22:38:42Z,1622155122,102,35029944890000000000
0,12512700,2021-05-26T22:47:51Z,1622069271,101,42370465010000000000
0,12506205,2021-05-25T22:38:17Z,1621982297,100,40158466890000000000
0,12499874,2021-05-24T22:52:57Z,1621896777,99,37656968260000000000
0,12493341,2021-05-23T22:42:10Z,1621809730,98,31424029210000000000
0,12486937,2021-05-22T22:55:36Z,1621724136,97,41266873790000000000
0,12480548,2021-05-21T23:04:14Z,1621638254,96,43578121350000000000
0,12474132,2021-05-20T23:05:29Z,1621551929,95,34973661100000000000
0,12467697,2021-05-19T23:12:27Z,1621465947,94,36268719740000000000
0,12461215,2021-05-18T23:01:14Z,1621378874,93,33528529530000000000
0,12454774,2021-05-17T23:04:07Z,1621292647,92,34661832320000000000
0,12448491,2021-05-16T23:33:35Z,1621208015,91,28907616530000000000
0,12441895,2021-05-15T23:04:41Z,1621119881,90,37361399510000000000
0,12435463,2021-05-14T23:14:05Z,1621034045,89,36479526940000000000
0,12429003,2021-05-13T23:13:11Z,1620947591,88,42763287840000000000
0,12424462,2021-05-13T06:31:38Z,1620887498,87,38037646180000000000
0,12416007,2021-05-11T23:14:03Z,1620774843,86,33782993790000000000
0,12409509,2021-05-10T23:03:25Z,1620687805,85,45932334270000000000
0,12403025,2021-05-09T23:10:58Z,1620601858,84,34925624120000000000
0,12396487,2021-05-08T22:54:15Z,1620514455,83,34057890780000000000
0,12391637,2021-05-08T04:58:18Z,1620449898,82,30905067880000000000
0,12383653,2021-05-06T23:11:42Z,1620342702,81,38117433450000000000
0,12377162,2021-05-05T23:09:48Z,1620256188,80,31315895910000000000
0,12370597,2021-05-04T23:04:14Z,1620169454,79,36231297910000000000
0,12364209,2021-05-03T23:28:32Z,1620084512,78,43387938010000000000
0,12357707,2021-05-02T23:25:38Z,1619997938,77,36785170010000000000
0,12351250,2021-05-01T23:14:53Z,1619910893,76,50398126680000000000
0,12344693,2021-04-30T23:07:22Z,1619824042,75,49567248970000000000
0,12338194,2021-04-29T22:53:20Z,1619736800,74,43536771390000000000
0,12336023,2021-04-29T14:52:12Z,1619707932,73,56935336690000000000
0,12325284,2021-04-27T22:58:59Z,1619564339,72,59611323360000000000
0,12318852,2021-04-26T23:09:06Z,1619478546,71,53575917590000000000
0,12312366,2021-04-25T23:13:44Z,1619392424,70,45247482240000000000
0,12305924,2021-04-24T23:28:39Z,1619306919,69,53960392830000000000
0,12299472,2021-04-23T23:34:07Z,1619220847,68,52583195180000000000
0,12293111,2021-04-22T23:57:17Z,1619135837,67,57332016590000000000
0,12286617,2021-04-21T23:42:48Z,1619048568,66,54564250480000000000
0,12280179,2021-04-20T23:56:31Z,1618962991,65,60266619160000000000
0,12273607,2021-04-19T23:58:57Z,1618876737,64,59328852210000000000
0,12267172,2021-04-18T23:49:33Z,1618789773,63,49773029280000000000
0,12260620,2021-04-17T23:41:07Z,1618702867,62,58960249060000000000
0,12254152,2021-04-16T23:39:26Z,1618616366,61,49191125220000000000
0,12247707,2021-04-15T23:36:05Z,1618529765,60,54187152460000000000
0,12241237,2021-04-14T23:43:02Z,1618443782,59,43743382840000000000
0,12234808,2021-04-13T23:46:31Z,1618357591,58,50220215480000000000
0,12228334,2021-04-12T23:47:45Z,1618271265,57,42951065240000000000
0,12221833,2021-04-11T23:53:14Z,1618185194,56,48298495900000000000
0,12215200,2021-04-10T23:34:46Z,1618097686,55,47990651730000000000
0,12208687,2021-04-09T23:47:13Z,1618012033,54,59302812630000000000
0,12202155,2021-04-08T23:33:52Z,1617924832,53,53424281710000000000
0,12195725,2021-04-07T23:36:06Z,1617838566,52,56298588620000000000
0,12189185,2021-04-06T23:34:04Z,1617752044,51,60082764540000000000
0,12182701,2021-04-05T23:38:21Z,1617665901,50,47367454070000000000
0,12176165,2021-04-04T23:32:14Z,1617579134,49,37943657230000000000
0,12169582,2021-04-03T23:26:51Z,1617492411,48,44538829760000000000
0,12163151,2021-04-02T23:45:22Z,1617407122,47,56568122140000000000
0,12156759,2021-04-01T23:59:54Z,1617321594,46,48462435930000000000
0,12150237,2021-03-31T23:57:21Z,1617235041,45,59750726310000000000
0,12143780,2021-03-30T23:57:34Z,1617148654,44,56399131360000000000
0,12137245,2021-03-29T23:53:29Z,1617062009,43,57820073050000000000
0,12130756,2021-03-28T23:58:45Z,1616975925,42,65021700150000000000
0,12124282,2021-03-28T00:02:24Z,1616889744,41,57289417300000000000
0,12117808,2021-03-27T00:05:19Z,1616803519,40,52391645710000000000
0,12111330,2021-03-26T00:16:10Z,1616717770,39,49888717960000000000
0,12104825,2021-03-25T00:17:09Z,1616631429,38,50220095580000000000
0,12098364,2021-03-24T00:26:43Z,1616545603,37,43378306420000000000
0,12091786,2021-03-23T00:10:20Z,1616458220,36,55838255200000000000
0,12085386,2021-03-22T00:25:22Z,1616372722,35,51557621670000000000
0,12078945,2021-03-21T00:27:35Z,1616286455,34,47507054760000000000
0,12074007,2021-03-20T06:11:06Z,1616220666,33,50349297190000000000
0,12065977,2021-03-19T00:37:36Z,1616114256,32,59594264240000000000
0,12059590,2021-03-18T01:03:01Z,1616029381,31,61827465210000000000
0,12054219,2021-03-17T05:15:44Z,1615958144,30,46097630900000000000
0,12048425,2021-03-16T07:54:06Z,1615881246,29,54483456730000000000
0,12042090,2021-03-15T08:31:46Z,1615797106,28,51140577280000000000
0,12033785,2021-03-14T01:37:26Z,1615685846,27,59584558140000000000
0,12028717,2021-03-13T07:11:07Z,1615619467,26,64025494030000000000
0,12020824,2021-03-12T01:43:26Z,1615513406,25,55654868420000000000
0,12014241,2021-03-11T01:07:37Z,1615424857,24,49531881190000000000
0,12007736,2021-03-10T01:13:33Z,1615338813,23,54009229770000000000
0,12001290,2021-03-09T01:10:56Z,1615252256,22,52378797610000000000
0,11994819,2021-03-08T01:16:42Z,1615166202,21,48457156110000000000
0,11988346,2021-03-07T01:14:11Z,1615079651,20,56440928160000000000
0,11981804,2021-03-06T01:19:59Z,1614993599,19,61752418990000000000
0,11975264,2021-03-05T01:20:07Z,1614907207,18,60546345470000000000
0,11968807,2021-03-04T01:27:09Z,1614821229,17,54160998410000000000
0,11962356,2021-03-03T01:25:46Z,1614734746,16,49474784420000000000
0,11955923,2021-03-02T01:46:58Z,1614649618,15,54615564420000000000
0,11949509,2021-03-01T01:58:41Z,1614563921,14,46298736070000000000
0,11943047,2021-02-28T02:06:16Z,1614477976,13,54779192290000000000
0,11936551,2021-02-27T02:03:27Z,1614391407,12,56760187650000000000
0,11929969,2021-02-26T01:55:09Z,1614304509,11,47841236420000000000
0,11923484,2021-02-25T01:52:38Z,1614217958,10,46905842360000000000
0,11917037,2021-02-24T02:05:29Z,1614132329,9,47171205500000000000
0,11910411,2021-02-23T01:47:50Z,1614044870,8,52860653540000000000
0,11904011,2021-02-22T01:59:00Z,1613959140,7,47470338460000000000
0,11897557,2021-02-21T02:08:25Z,1613873305,6,59505884780000000000
0,11891110,2021-02-20T02:10:34Z,1613787034,5,49216886550000000000
0,11884533,2021-02-19T02:09:18Z,1613700558,4,50399725550000000000
0,11878108,2021-02-18T02:23:18Z,1613614998,3,2973409600000000000
0,11874400,2021-02-17T12:35:31Z,1613565331,2,4140568810320000000000
