,Unnamed: 0,from
0,0,0x01612c7141db98fea984106bbd582922a830b9e2
1,1,0xedf7b675a2fe3c27efb263fb4c204a3f0fb17d46
2,2,0xa87d45da837be4bd7ff12db7253a9e4d02ef0df9
3,3,0x42c8e8c55c38f14c6b32a4bf4f5fb89be7cd5591
4,4,0xcd46a743842657028c1c6c34cdb6bd1a403bded5
5,5,0xef5e089fb126aa0207dbc6ae619c9e51eb3baafc
6,6,0xc7608fe7e4b38ddc5ea292b4935798a56333a35b
7,7,0xb0b0f09a99d8ad135a54487aa327ec899cd744f1
8,8,0x471d82d7f3100de48e2aea293371b654f38443bb
9,9,0xdc055750c938ee4915ce8ae01957b956cda6abe8
10,10,0xbf5ae133b9a0fc1a07952a7df2afa21f7f69ef58
11,11,0x3f598d2aaf12ca445a5a56aab8e6d79bd7b6a0e4
12,12,0xf97db1c0e3d429731fc5a7fa4eb4fd372a234841
