,Unnamed: 0,blockNumber,timeStamp,hash,nonce,blockHash,transactionIndex,from,to,value,gas,gasPrice,isError,txreceipt_status,input,contractAddress,cumulativeGasUsed,gasUsed,confirmations
0,1,12692687,1624481781,0x96c4a30b5b258901be965cdb36f15ad7d90e9b0cb6def10479b5e182a7333035,3,0x9083ca72d06d53e0a5da0a9d57b282aef8ba52ef387a398f1e889fd265ed4044,94,0x4ceea040311c9bf0d9a45f8330d84956bb69d01e,0x7a250d5630b4cf539739df2c5dacb4c659f2488d,282766072000000000,152605,11000000000,1,0,0x7ff36ab5000000000000000000000000000000000000000000000000302fef36c80d6d6100000000000000000000000000000000000000000000000000000000000000800000000000000000000000004ceea040311c9bf0d9a45f8330d84956bb69d01e0000000000000000000000000000000000000000000000000000000060d3a6420000000000000000000000000000000000000000000000000000000000000002000000000000000000000000c02aaa39b223fe8d0a0e5c4f27ead9083c756cc2000000000000000000000000990f341946a3fdb507ae7e52d17851b87168017c,,12256934,31453,1
1,2,12692687,1624481781,0xf79a71a0d7853f3392b51b95ca443553be8ca11668d9d062049fabd66a739477,66,0x9083ca72d06d53e0a5da0a9d57b282aef8ba52ef387a398f1e889fd265ed4044,82,0xe76991b4123494c463940c67b07df8174705d812,0x7a250d5630b4cf539739df2c5dacb4c659f2488d,0,381097,11000000000,0,1,0x38ed173900000000000000000000000000000000000000000000008f0413ba1cf6c5d5bb0000000000000000000000000000000000000000000000001596932677685da900000000000000000000000000000000000000000000000000000000000000a0000000000000000000000000e76991b4123494c463940c67b07df8174705d8120000000000000000000000000000000000000000000000000000000060d3a3ea000000000000000000000000000000000000000000000000000000000000000400000000000000000000000021381e026ad6d8266244f2a583b35f9e4413fa2a000000000000000000000000dac17f958d2ee523a2206206994597c13d831ec7000000000000000000000000c02aaa39b223fe8d0a0e5c4f27ead9083c756cc2000000000000000000000000767b4e3d51068340729ac658bb35927e3ad57b7a,,9855792,269695,1
2,3,12692687,1624481781,0x99004dd4fd38d2d7a9b6ac761c9d4b9eb6ddf77ba346de761b2af7b782e66ac1,8,0x9083ca72d06d53e0a5da0a9d57b282aef8ba52ef387a398f1e889fd265ed4044,79,0x5d1d713b01d5770fe00a03accb6438fc1d151916,0x7a250d5630b4cf539739df2c5dacb4c659f2488d,125624509220839100,192614,11000000000,0,1,0xfb3bdb41000000000000000000000000000000000000000000000016e7c81c5711cd000000000000000000000000000000000000000000000000000000000000000000800000000000000000000000005d1d713b01d5770fe00a03accb6438fc1d1519160000000000000000000000000000000000000000000000000000000060d3a5bf0000000000000000000000000000000000000000000000000000000000000002000000000000000000000000c02aaa39b223fe8d0a0e5c4f27ead9083c756cc2000000000000000000000000c73c167e7a4ba109e4052f70d5466d0c312a344d,,9316121,135928,1
3,4,12692687,1624481781,0x31ffd1b0a3b87cf03a69d0fc308b51b1960ee85203996c8ed4515796b3966231,563,0x9083ca72d06d53e0a5da0a9d57b282aef8ba52ef387a398f1e889fd265ed4044,74,0xb7911c63824bd5cf0d3263466b94f0f8efdc5312,0x7a250d5630b4cf539739df2c5dacb4c659f2488d,0,145550,11000000000,0,1,0x8803dbee0000000000000000000000000000000000000000000000003782dace9d900000000000000000000000000000000000000000000000000000010e4ef2fe841f5900000000000000000000000000000000000000000000000000000000000000a0000000000000000000000000b7911c63824bd5cf0d3263466b94f0f8efdc53120000000000000000000000000000000000000000000000000000000060d3ad4a0000000000000000000000000000000000000000000000000000000000000002000000000000000000000000c02aaa39b223fe8d0a0e5c4f27ead9083c756cc200000000000000000000000070401dfd142a16dc7031c56e862fc88cb9537ce0,,8951889,115709,1
4,5,12692687,1624481781,0x898f02e9cecc0e0e4ff659d0bf53e0227d83030a64a79ea251b85fa30f4624e4,11,0x9083ca72d06d53e0a5da0a9d57b282aef8ba52ef387a398f1e889fd265ed4044,73,0x212570c3c9c30741c7d0e450805f9daeb6bca8bc,0x7a250d5630b4cf539739df2c5dacb4c659f2488d,0,237508,11000000000,0,1,0x791ac94700000000000000000000000000000000000000000000000ad78ebc5ac6200000000000000000000000000000000000000000000000000000006046be82ba857f00000000000000000000000000000000000000000000000000000000000000a0000000000000000000000000212570c3c9c30741c7d0e450805f9daeb6bca8bc0000000000000000000000000000000000000000000000000000000060d3a642000000000000000000000000000000000000000000000000000000000000000200000000000000000000000057f55d89c30172a913bae10a2e702e5302f1e356000000000000000000000000c02aaa39b223fe8d0a0e5c4f27ead9083c756cc2,,8836180,173036,1
5,6,12692687,1624481781,0xd23272498fb8af06cbaf3e3bba0c6f52ff14a841a7d5288f7ee83cbe0c9169af,858,0x9083ca72d06d53e0a5da0a9d57b282aef8ba52ef387a398f1e889fd265ed4044,69,0x51dbc9e360e00eb3cfa338d372f1ca21d152553c,0x7a250d5630b4cf539739df2c5dacb4c659f2488d,127577682441,298876,11000000000,0,1,0xfb3bdb410000000000000000000000000000000000000000000000008ac7230489e80000000000000000000000000000000000000000000000000000000000000000008000000000000000000000000051dbc9e360e00eb3cfa338d372f1ca21d152553c0000000000000000000000000000000000000000000000000000000060d3a6420000000000000000000000000000000000000000000000000000000000000002000000000000000000000000c02aaa39b223fe8d0a0e5c4f27ead9083c756cc2000000000000000000000000348b7f3106b5da47405332534d06069ff9ce4d1b,,8432077,224480,1
6,7,12692687,1624481781,0x1c5f5615bec5131cc9ea7859161b3d0bec497dbce910cd3c096056dd25b1b5fb,19,0x9083ca72d06d53e0a5da0a9d57b282aef8ba52ef387a398f1e889fd265ed4044,64,0xdefc3260a4cef949ed2295ff7901884f71b58e8a,0x7a250d5630b4cf539739df2c5dacb4c659f2488d,0,238554,11000000000,0,1,0x38ed17390000000000000000000000000000000000000000000000020075ce31d279d37e000000000000000000000000000000000000000000000000000000001c6ce8c800000000000000000000000000000000000000000000000000000000000000a0000000000000000000000000defc3260a4cef949ed2295ff7901884f71b58e8a0000000000000000000000000000000000000000000000000000000060d3a3ea0000000000000000000000000000000000000000000000000000000000000003000000000000000000000000b6ca7399b4f9ca56fc27cbff44f4d2e4eef1fc81000000000000000000000000c02aaa39b223fe8d0a0e5c4f27ead9083c756cc2000000000000000000000000dac17f958d2ee523a2206206994597c13d831ec7,,7935193,164876,1
7,8,12692687,1624481781,0x0825164b4a8340f49a7d782529f3ce31aa94d75cbffc8ed1c28c5bdb6d769945,29,0x9083ca72d06d53e0a5da0a9d57b282aef8ba52ef387a398f1e889fd265ed4044,62,0x694ecf974220c24e04a247b3a4821145c5a7a195,0x7a250d5630b4cf539739df2c5dacb4c659f2488d,298456263000000000,152607,11000000000,0,1,0x7ff36ab50000000000000000000000000000000000000000000000000000000000225d860000000000000000000000000000000000000000000000000000000000000080000000000000000000000000694ecf974220c24e04a247b3a4821145c5a7a1950000000000000000000000000000000000000000000000000000000060d3a6310000000000000000000000000000000000000000000000000000000000000002000000000000000000000000c02aaa39b223fe8d0a0e5c4f27ead9083c756cc2000000000000000000000000467bccd9d29f223bce8043b84e8c8b282827790f,,7514670,101958,1
8,9,12692687,1624481781,0xe633f42fe64be0bdaf2f0d789fef9e50eae709f4a9052c66dd37322658f8bd70,50,0x9083ca72d06d53e0a5da0a9d57b282aef8ba52ef387a398f1e889fd265ed4044,59,0x1f01c147e558be08414571a5a10597f754d6a2ce,0x7a250d5630b4cf539739df2c5dacb4c659f2488d,19000000000000000,173215,11000000000,0,1,0x7ff36ab500000000000000000000000000000000000000000000000160137c65d8a7588e00000000000000000000000000000000000000000000000000000000000000800000000000000000000000001f01c147e558be08414571a5a10597f754d6a2ce0000000000000000000000000000000000000000000000000000000060d3a3ea0000000000000000000000000000000000000000000000000000000000000002000000000000000000000000c02aaa39b223fe8d0a0e5c4f27ead9083c756cc2000000000000000000000000d533a949740bb3306d119cc777fa900ba034cd52,,7272615,118863,1
9,10,12692687,1624481781,0x6481ccf0ea580f2639e5af27e02319bee79ee4b5cd6c482ad677f40e72ef6798,235,0x9083ca72d06d53e0a5da0a9d57b282aef8ba52ef387a398f1e889fd265ed4044,52,0x33992d1c64fa64462657df9f92b18c63aee87162,0x7a250d5630b4cf539739df2c5dacb4c659f2488d,10000000000000000,214736,11000000000,0,1,0x7ff36ab500000000000000000000000000000000000000000000000005289c3f721d2835000000000000000000000000000000000000000000000000000000000000008000000000000000000000000033992d1c64fa64462657df9f92b18c63aee871620000000000000000000000000000000000000000000000000000000060d3a3ea0000000000000000000000000000000000000000000000000000000000000002000000000000000000000000c02aaa39b223fe8d0a0e5c4f27ead9083c756cc2000000000000000000000000eeeaa6fc4301f5e06213e31baff7d397e9ab4ec3,,6436964,152923,1
10,11,12692687,1624481781,0xd16d37f7aaf37258f16ca434e6d57bd049aaa53bfe328dbf7994ef0679eb24e9,14,0x9083ca72d06d53e0a5da0a9d57b282aef8ba52ef387a398f1e889fd265ed4044,40,0x8173973aaa9ad4d44719905e8cff38d0ce39cf70,0x7a250d5630b4cf539739df2c5dacb4c659f2488d,8000000000000000,199802,11000000000,1,0,0x7ff36ab50000000000000000000000000000000000000000000000002618c16680338fe000000000000000000000000000000000000000000000000000000000000000800000000000000000000000008173973aaa9ad4d44719905e8cff38d0ce39cf700000000000000000000000000000000000000000000000000000000060d39f930000000000000000000000000000000000000000000000000000000000000002000000000000000000000000c02aaa39b223fe8d0a0e5c4f27ead9083c756cc20000000000000000000000001ca02dd95f3f1e33da7f5afe15ea866dab07af04,,5699557,23411,1
11,12,12692687,1624481781,0x4789078f19e954d1c7bdfc19fa81ea487c1fa75ddc1bb76922d78408cced1674,55,0x9083ca72d06d53e0a5da0a9d57b282aef8ba52ef387a398f1e889fd265ed4044,33,0x7bb3e600574c67162beedb8f849e520b12fe5afe,0x7a250d5630b4cf539739df2c5dacb4c659f2488d,0,419887,11000000000,0,1,0x791ac947000000000000000000000000000000000000000000000000009eeb02b2c8ce97000000000000000000000000000000000000000000000000001ff71de8e2556600000000000000000000000000000000000000000000000000000000000000a00000000000000000000000007bb3e600574c67162beedb8f849e520b12fe5afe0000000000000000000000000000000000000000000000000000000060d3a3cb000000000000000000000000000000000000000000000000000000000000000200000000000000000000000015754a1c2c139359ae347407958337bf7ebd93ab000000000000000000000000c02aaa39b223fe8d0a0e5c4f27ead9083c756cc2,,5261072,274018,1
12,13,12692687,1624481781,0x108463814617194ecbc6e6adb03ae028f7a9f3ce315ce713386ef34eeabf05a1,286,0x9083ca72d06d53e0a5da0a9d57b282aef8ba52ef387a398f1e889fd265ed4044,25,0x6bf07b1a660018e371599314a2c4a2ef1ceb1ec7,0x7a250d5630b4cf539739df2c5dacb4c659f2488d,0,274401,13000000000,0,1,0x8803dbee000000000000000000000000000000000000000000000015af1d78b58c4000000000000000000000000000000000000000000000000000000000000005ea4b7b00000000000000000000000000000000000000000000000000000000000000a00000000000000000000000006bf07b1a660018e371599314a2c4a2ef1ceb1ec70000000000000000000000000000000000000000000000000000000060d3a48d0000000000000000000000000000000000000000000000000000000000000003000000000000000000000000dac17f958d2ee523a2206206994597c13d831ec7000000000000000000000000c02aaa39b223fe8d0a0e5c4f27ead9083c756cc2000000000000000000000000f184cdf2f96e21f4907b069ab85fb23f4b65ce7b,,1833792,240229,1
13,14,12692687,1624481781,0xc302359dddbfc0dd83631c2dce028c90b53a0e482fdd21fc4b9a4ebe44375f58,22,0x9083ca72d06d53e0a5da0a9d57b282aef8ba52ef387a398f1e889fd265ed4044,17,0xdb174e2cb069b4ef04c579bdb217ec3734be2e87,0x7a250d5630b4cf539739df2c5dacb4c659f2488d,61094968,24060,18000000000,1,0,0xfb3bdb410000000000000000000000000000000000000000000000000de0b6b3a76400000000000000000000000000000000000000000000000000000000000000000080000000000000000000000000db174e2cb069b4ef04c579bdb217ec3734be2e870000000000000000000000000000000000000000000000000000000060d3a6af0000000000000000000000000000000000000000000000000000000000000002000000000000000000000000c02aaa39b223fe8d0a0e5c4f27ead9083c756cc200000000000000000000000015874d65e649880c2614e7a480cb7c9a55787ff6,,1383654,24060,1
14,15,12692687,1624481781,0x6ddfa7c7eeeb34c533628a5b35b2792f1414649ae52e43e8a9b35480b20c5b09,16,0x9083ca72d06d53e0a5da0a9d57b282aef8ba52ef387a398f1e889fd265ed4044,10,0x4a322696c8b2bccb4128b7366cfa9d5c1f4612ac,0x7a250d5630b4cf539739df2c5dacb4c659f2488d,0,530814,20900000000,0,1,0x5c11d79500000000000000000000000000000000000000000002805979f33ffdf48b1b69000000000000000000000000000000000000000000000001ac9487f2f1475ba500000000000000000000000000000000000000000000000000000000000000a00000000000000000000000004a322696c8b2bccb4128b7366cfa9d5c1f4612ac0000000000000000000000000000000000000000000000000000000060d3a6a90000000000000000000000000000000000000000000000000000000000000003000000000000000000000000b5577cbb3b3b1f7e3e41e94acc14ca4899c9daea000000000000000000000000c02aaa39b223fe8d0a0e5c4f27ead9083c756cc20000000000000000000000003f9078b8fbcb1c4e03b41fa9e5a0532a28848db7,,1039741,389930,1
15,16,12692687,1624481781,0x64dfe2952d60aade4c20dc84d475a950a57bc42fd341b1957d889aef193545f8,2904,0x9083ca72d06d53e0a5da0a9d57b282aef8ba52ef387a398f1e889fd265ed4044,6,0x4ac08d3515aa353365cb981dba5dddd9d9fd33b5,0x7a250d5630b4cf539739df2c5dacb4c659f2488d,0,426352,23000000000,0,1,0x791ac9470000000000000000000000000000000000000000000000002612c4350fa4649a00000000000000000000000000000000000000000000000005baca0018ef45f100000000000000000000000000000000000000000000000000000000000000a00000000000000000000000004ac08d3515aa353365cb981dba5dddd9d9fd33b50000000000000000000000000000000000000000000000000000000060d3a6a90000000000000000000000000000000000000000000000000000000000000002000000000000000000000000767b4e3d51068340729ac658bb35927e3ad57b7a000000000000000000000000c02aaa39b223fe8d0a0e5c4f27ead9083c756cc2,,457780,289822,1
16,17,12692687,1624481781,0x6500f484b226f38b97e74ebe5672b53c7baea05a95292b9407c6276626af6cc5,3090,0x9083ca72d06d53e0a5da0a9d57b282aef8ba52ef387a398f1e889fd265ed4044,4,0xe7173fd404e695790a52b45c7964b3aae99cbf00,0x7a250d5630b4cf539739df2c5dacb4c659f2488d,9173379490390583,175278,24000000000,1,0,0xfb3bdb4100000000000000000000000000000000000000000000001dd0c885f9a0d800000000000000000000000000000000000000000000000000000000000000000080000000000000000000000000e7173fd404e695790a52b45c7964b3aae99cbf000000000000000000000000000000000000000000000000000000000060d3a6d10000000000000000000000000000000000000000000000000000000000000002000000000000000000000000c02aaa39b223fe8d0a0e5c4f27ead9083c756cc2000000000000000000000000cf8335727b776d190f9d15a54e6b9b9348439eee,,146958,31472,1
