,payer,borrower,repayAmount,accountBorrows,totalBorrows,blockHash,blockNumber,contractAddress,cumulativeGasUsed,from,gasUsed,logsBloom,status,to,transactionHash,transactionIndex,type
0,0x8D1b041D61e2FC1068eB9da2B06026aFD001645B,0x8D1b041D61e2FC1068eB9da2B06026aFD001645B,1.0358791712928676e+19,0,90761151252556958497328,"b'h\xf8\x96\x91\x96\xcf\x02\xc9\xaf#\x832\xe9\xbel,s\xceOo:\xc2\xbf\xee\xcb\x13|\x039\x8d\xa2\x84'",12665385,,4432033,0x8D1b041D61e2FC1068eB9da2B06026aFD001645B,165356,b'@\x00\x00\x00\x00\x00\x00\x00\x00\x00\x00\x00\x00\x00\x00 \x00\x00\x00\x00\x00\x10@\x00\x00\x00\x00\x00\x00\x00\x00\x00\x00\x00\x00\x00\x00\x00\x00\x00\x00\x00\x00\x00\x00\x00\x08\x00\x00\x00\x00\x00\x00\x00\x00\x00\x00\x00\x00\x00\x00\x04\x00\x00\x00\x00\x00\x00\x00\x00\x00\x02\x00\x00\x00\x08\x00\x00\x00\x00\x00\x00\x00\x00\x00\x00\x00\x00\x00\x00\x00\x00\x00\x00\x00\x00\x00\x10\x00\x00\x00\x00\x00\x00\x00\x00\x00\x00\x00\x00\x00\x00\x00\x00\x00\x00\x00\x00\x00\x00\x00 \x00\x10\x00\x00\x00\x00\x00\x00\x00\x00\x00\x00\x00\x00\x00\x00\x00\x00\x00 \x00\x00\x00\x00\x00\x00\x00 \x00\x00\x00\x00\x00\x00\x00\x00\x00\x80\x00\x02\x00\x00\x00\x00\x00\x00@\x00\x00\x00\x00\x02\x00\x00\x00\x00\x00\x00\x00\x00\x00\x01\x00\x00\x00\x00\x00\x00\x00\x00\x00\x00\x00\x02\x00\x00\x00\x00\x00\x00\x00\x00\x00\x00\x00\x00\x00\x00\x00\x00\x00\x00\x00\x00\x00\x00\x00\x00\x10\x00\x00\x00\x00\x00\x00\x00\x05\x00\x00\x00\x00\x00\x00\x00\x00\x80\x00\x00\x00(\x00\x00\x00\x00\x00\x00\x00\x00\x00\x14\x00\x00\x00\x00',1,0x70e36f6BF80a52b3B46b3aF8e106CC0ed743E8e4,b' 3_v\xdcv\x0f\x96\xa6\x8c\x07F\xc6\x04\xb9\x9a\x86\xaf`M6%\x8e\xf4\xb4@\x192\xbf\xcbO\x82',59,0x0
0,0xA626Bd40A8c88F59A4CF9b1821A7bD71faD96285,0xA626Bd40A8c88F59A4CF9b1821A7bD71faD96285,9.307781571334402e+16,0,90778869340704712269664,"b""\xa6\x95\xd27:\xf1r\xdd\xcan\xfd\x8e6\xc7\xa4\x12kK\x14'\x90\xe2s\xb7\x85]-$\xec\x12C<""",12586670,,13175189,0xA626Bd40A8c88F59A4CF9b1821A7bD71faD96285,165356,b'@\x00\x00\x00\x00\x00\x00\x00\x00\x00\x00\x00\x00\x00\x00 \x00\x00\x00\x00\x00\x10@\x00\x00\x00\x00\x00\x00\x00\x00\x00\x00\x00\x00\x00\x00\x00\x00\x00\x00\x00\x00\x00\x00\x00\x08\x00\x00\x00\x00\x00\x00\x00\x00\x00\x00\x00\x00\x00\x00\x04\x00\x00\x00\x00\x00\x00\x00\x00\x00\x02\x00\x00\x00\x08\x00\x00\x00\x00\x00\x00\x00\x00\x00\x00\x00\x00\x00\x00\x00\x00\x00\x00\x00\x00\x00\x10\x00\x00\x00\x00\x00\x00\x00\x00\x00\x00\x00\x00\x00\x00\x00\x00\x00\x00\x00\x00\x00\x00\x00  \x10\x00\x00\x00\x00\x00\x00\x00\x00\x00\x00\x00\x00\x00\x00\x00\x00\x00 \x00\x00\x00\x00\x00\x00\x00 \x00\x00\x00\x00\x00\x00\x00\x00\x00\x80\x00\x02\x00\x00\x00\x00\x00\x00@\x00\x00\x00\x00\x82\x00\x00\x00\x00\x00\x00\x00\x00\x00\x01\x00\x00\x00\x00\x00\x00\x00\x00\x00\x00\x00\x02\x00\x00\x00\x00\x00\x00\x00\x00\x00\x00\x00\x00\x00\x00\x00\x00\x00\x00\x00\x00\x00\x00\x00\x00\x10\x00\x00\x00\x00\x00\x00\x00\x01\x00\x00\x00\x00\x00\x00\x00\x00\x80\x00\x00\x00 \x00\x00\x00\x00\x00\x00\x00\x00\x00\x04\x00\x00\x00\x00',1,0x70e36f6BF80a52b3B46b3aF8e106CC0ed743E8e4,"b""_\x95a\xa7\x11rtb\xfe^_\x0f\xd4\x99\x01\x0e\xa0\x91\xebB'l\xc2P\xfdu\x1fX<M\xd5\xc2""",148,0x0
0,0xDbB923D4bE051335180C98778A82283c025AC60F,0xDbB923D4bE051335180C98778A82283c025AC60F,180811979070897395044,0,90584605312424049321094,b'\xfc=\xd3\xe2\x9b\t*\x90\x8d$\xeb\xde\xce\x9d\xa5\x1e\x9d\x7f\xd5\x1e\x0f\xe3R\nFBp\xcfo\xea\nB',12574925,,14130446,0xDbB923D4bE051335180C98778A82283c025AC60F,165356,b'@\x00\x00\x00\x00\x00\x00\x00\x00\x00\x00\x00\x00\x00\x00 \x00\x00\x00\x00\x00\x10@\x00\x00\x00\x00\x00\x00\x00\x00\x00\x00\x00\x00\x00\x00\x00\x00\x00\x00\x00\x00\x00\x00\x00\x08\x00\x00\x00\x00\x00\x00\x00\x00\x00\x00\x00\x00\x00\x00\x04\x00\x00\x00\x00\x00\x00\x00\x10\x00\x02\x00\x00\x00\x08\x00\x00\x00\x00\x00\x00\x00\x00\x00\x00\x00\x00\x00\x00\x00\x00\x00\x00\x00\x00\x00\x10\x00\x00\x00\x00\x00\x00\x00\x00\x00\x00\x00\x00\x00\x00\x00\x00\x00\x00\x00\x00\x00\x00\x00 \x00\x10\x00\x00\x00\x00\x00\x00\x00\x00\x00\x00\x00\x00\x00\x00\x01\x00\x00 \x00\x00\x00\x00\x00\x00\x00 \x00\x00\x00\x00\x00\x00\x00\x00\x00\x80\x00\x02\x00\x00\x00\x00\x00\x00@\x00\x00\x00\x00\x02\x00\x00\x00\x00\x00\x00\x00\x00\x00\x01\x00\x10\x00\x00\x00\x00\x00\x00\x00\x00\x00\x02\x00\x00\x00\x00\x00\x00\x00\x00\x00\x00\x00\x00\x00\x00\x00\x00\x00\x00\x00\x00\x00\x00\x00\x00\x10\x00\x00\x00\x00\x00\x00\x00\x01\x00\x00\x00\x00\x00\x00\x00\x00\x80\x00\x00\x00 \x00\x00\x00\x00\x00\x00\x00\x00\x00\x04\x00\x00\x00\x00',1,0x70e36f6BF80a52b3B46b3aF8e106CC0ed743E8e4,b'1_\t\xf7\xd3%\xcbw9\x19\xa9\x9b}\xb4\x84\xd5j$\xaf\xff\xd3\x8f\xf4\xb3$\xa4]\xb8\xe5\xf0\x04V',182,0x0
0,0x41fA28CA6d17AeF97D641AA230e57243b10AFcD4,0x41fA28CA6d17AeF97D641AA230e57243b10AFcD4,1143808891320697670350,66194140153882978779,89800661389113547816640,"b'\xe3\xb2\xd0\x126\t1;\xf9o\xceM,\xed\x9e75\xe9\xdd4\x94\xe6\xee\xd3u7m\xdd\x07&\x7fV'",12568641,,5469878,0x41fA28CA6d17AeF97D641AA230e57243b10AFcD4,147964,b'@\x00\x00\x00\x00\x00\x00\x00\x00\x00\x00\x00\x00\x00\x00 \x00\x00\x00\x00\x00\x10@\x00\x00\x00\x00\x00\x00\x10\x00\x00\x00\x00\x00\x00\x00\x00\x00\x00\x00\x00\x00\x00\x00\x00\x08\x00\x00\x00\x00\x00\x00\x00\x00\x00\x00\x00\x00\x00\x00\x04\x00\x00\x00\x00\x00\x00\x00\x00\x00\x02\x00\x00\x00\x08\x00\x00\x00\x00\x00\x00\x00\x00\x00\x00\x00\x00\x00\x00\x00\x00\x00\x00\x00\x00\x00\x10\x00\x00\x00\x00\x00\x00\x00\x00\x00\x00\x00\x00\x00\x00\x00\x00\x00\x00\x00\x00\x00\x00\x00 \x00\x10\x00\x00\x00\x00\x00\x00\x00\x00\x00\x00\x00\x00\x00 \x00\x00\x00 \x00\x00\x00\x00\x00\x00\x00 \x00\x00\x00\x00\x00\x00\x00\x00\x00\x80\x00\x02\x00\x00\x00\x00\x00\x00@\x00\x00\x00\x00\x02\x00\x00\x00\x00\x00\x00\x00\x00\x00\x01\x00\x00\x00\x00\x00\x00\x00\x00\x00\x00\x00\x02\x00\x00\x00\x00\x00\x00\x00\x00\x00\x00\x00\x00\x00\x00\x00\x00\x00\x04\x00\x00\x00\x00\x00\x00\x10\x00\x00\x00\x00\x00\x00\x00\x01\x00\x00\x00\x00\x00\x00\x00\x00\x80\x00\x00\x00 \x00\x00\x00\x00\x00\x00\x00\x00\x00\x04\x00\x00\x00\x00',1,0x70e36f6BF80a52b3B46b3aF8e106CC0ed743E8e4,b'\xab\xa4\xd1.\xc8\xd5^\xe6\xb8|a\xaf\xe8p\xe5\x01}\x95\xa7\xb0II\xd0*@\xc6\xab\xc2M\xf6GM',112,0x0
0,0xc871095098488C17aE14Cb898d46da631ad84b59,0xc871095098488C17aE14Cb898d46da631ad84b59,3008099871168205718,0,90863539115052163782373,b'\xb7\x16X\xff\x90\x00d\xf3\x12\xda\xfd\xa2\x1b\xce\x9eD\xa5\x92%\x14p\x95G\xc73\x8c\x972\xf6\x93\x1b\x90',12536106,,11121308,0xc871095098488C17aE14Cb898d46da631ad84b59,148256,b'@\x00\x00\x00\x00\x00\x00\x00\x00\x00\x00\x00\x00\x00\x02 \x00\x00\x00\x10\x00\x10@\x00\x00\x00\x00\x00\x00\x00\x00\x00\x00\x00\x00\x00\x00\x00\x00\x00\x00\x00\x00\x00\x00\x00\x08\x00\x00\x00\x00\x00\x00\x00\x00\x00\x00\x00\x00\x00\x00\x04\x00\x00\x00\x00\x00\x00\x00\x00\x00\x02\x00\x00\x00\x08\x00\x00\x00\x00\x00\x00\x00\x00\x00\x00\x00\x00\x00\x00\x00\x00\x00\x00\x00\x00\x00\x10\x00\x00\x00\x00\x00\x00\x00\x00\x00\x00\x00\x00\x00\x00\x00\x00\x00\x00\x00\x00\x00\x00\x00 \x00\x10\x00\x00\x00\x00\x00\x00\x00\x00\x00\x00\x00\x00\x00\x00\x00\x00\x00 \x00\x01\x00\x00\x00\x00\x00 \x00\x00\x00\x00\x00\x00\x00\x00\x00\x80\x00\x02\x00\x00\x00\x00\x00\x00@\x00\x00\x00\x00\x02\x00\x00\x00\x00\x00\x00\x00\x00\x00\x01\x00\x00\x00\x00\x00\x00\x00\x00\x00\x00\x00\x02\x00\x00\x00\x00\x00\x00\x00\x00\x00\x00\x00\x00\x00\x00\x00\x00\x00\x00\x00\x00\x00\x00\x00\x00\x10\x00\x00\x00\x00\x00\x00\x00\x01\x00\x00\x00\x00\x00\x00\x00\x00\x80\x00\x00\x00 \x00\x00\x00\x00\x00\x00\x00\x00\x00\x04\x00\x00\x00\x00',1,0x70e36f6BF80a52b3B46b3aF8e106CC0ed743E8e4,b'\xe3\x97\xad\xe4\xbcT\x86bg\xaa`\x03\xcf3\xbc\xb8\xb0M\xe7\xad\x026\xdfk\xd4N\xa4BM\xf4\x12\xfa',107,0x0
0,0x8f6e338a169DBf8d626Fe42CC7f0555190E592BE,0x8f6e338a169DBf8d626Fe42CC7f0555190E592BE,4065611895047293783,0,90758613792557691070220,b'/\xdf_!\x90\x14\x1a\xd1q\x16-}\xa0[\t6\x11H\xe1s\xeaN\xaf\xd7\xb7\xb7m\xfb;}\xc0o',12492788,,12756274,0x8f6e338a169DBf8d626Fe42CC7f0555190E592BE,165356,b'@\x00\x00\x00\x00\x00\x00\x00\x00\x00\x00\x00\x00\x00\x00 \x00\x00\x00\x00\x00\x10@\x00\x00\x00\x00\x00\x00\x00\x00\x00\x00\x00\x00\x00\x00\x00\x00\x00\x00\x00\x00\x00\x00\x00\x08\x00\x00\x00\x00\x00\x00\x00\x08\x00\x00\x00\x00\x00\x00\x04\x00\x00\x00\x00\x00\x00\x00\x00\x00\x02\x00\x00\x00\x08\x00\x00\x00\x00\x00\x00\x00\x00\x00\x00\x00\x00\x00\x00\x00\x00\x00\x00\x00\x00\x00\x10\x00\x00\x00\x00\x00\x00\x00\x00\x00\x00\x00\x00\x00\x00\x00\x00\x00\x00\x00\x00\x00\x00\x00 \x00\x10\x00\x00\x00\x00\x00\x00\x00\x00\x00\x00\x00\x00\x00\x00\x00\x00\x00 \x00\x00\x00\x00\x00\x00\x00 \x00\x00\x00\x00\x00\x00\x00\x00\x00\x80\x00\x02@\x00\x00\x00\x00\x00@\x00\x00\x00\x00\x02\x00\x00\x00\x00\x00\x00\x00\x00\x00\x01\x00\x00\x00\x00\x00\x00\x00\x00\x00\x00\x00\x02\x00\x00\x00\x00\x00\x00\x00\x00\x00\x00\x00\x00\x00\x00\x00\x00\x00\x00\x00\x00\x00\x00\x00\x00\x10\x00\x80\x00\x00\x00\x00\x00\x01\x00\x00\x00\x00\x00\x00\x00\x00\x80\x00\x00\x00 \x00\x00\x00\x00\x00\x00\x00\x00\x00\x04\x00\x00\x00\x00',1,0x70e36f6BF80a52b3B46b3aF8e106CC0ed743E8e4,b'\xdf/u\x91\xa1h\xbbZl\xb7\x15y\x83\xd8xS\xad-`OIN\xebc\xc1\xe5\xc7\xbf\x1f\xec\x0e\n',151,0x0
0,0x12AEaa309995ae134d7b610256F9d269b9B40e69,0x12AEaa309995ae134d7b610256F9d269b9B40e69,30719839732028527719,0,90755150694989015334531,b'\x05\x08\x90\xd66\x8f\xc7\xfa\xb7\x84\x8c\tH}\x84=Bx\xae\x80\xdd\xd0\xbf\xa4y[\x17\xd9\x99^D\x15',12489817,,14617641,0x12AEaa309995ae134d7b610256F9d269b9B40e69,148256,b'@\x00\x00\x00\x00\x00\x00\x00\x00\x00\x00\x00\x00\x00\x00 \x00\x00\x00\x00\x00\x10@\x00\x00\x00\x00\x00\x00\x00\x00\x00\x00\x00\x00\x00\x00\x00\x00\x00\x00\x00\x00\x00\x00\x00\x08\x00\x00\x00\x00\x00\x00\x00\x00\x00\x00\x00\x00\x00\x00\x04\x00\x00\x00\x00\x00\x00\x00\x00\x00\x02\x00\x00\x00\x08\x00\x00\x00\x00\x00\x00\x00\x00 \x00\x00\x00\x00\x00\x00\x00\x00\x00\x00\x00\x00\x10\x00\x00\x00\x00\x00\x00\x00\x00\x00\x00\x00\x00\x00\x00\x00\x00\x00\x00\x00\x00\x00\x00\x00 \x00\x10\x00\x00\x00\x00\x00\x00\x00\x00\x00\x00\x00\x00\x00\x00\x00\x00\x00 \x00\x00\x00\x00\x00\x00\x00 \x00\x00\x00\x00\x00\x00\x00\x00\x00\x80\x00\x02\x00\x00\x00\x00\x00\x00@\x00\x00\x00\x00\x02\x00\x00\x00\x00\x00\x00\x00\x00\x00\x01\x00\x00\x00\x00\x00\x00\x00\x00\x00\x00\x00\x02\x00\x00\x00\x00\x00\x00\x00\x00\x00\x00\x00\x00\x00\x00\x02\x00\x00\x00\x00\x00\x00\x00\x00\x00\x10\x00\x00\x00\x00\x00\x00\x00\x01\x00\x00\x00\x00\x00\x00\x00\x01\x80\x00\x00\x00 \x00\x00\x00\x00\x00\x00\x00\x00\x00\x04\x00\x00\x00\x00',1,0x70e36f6BF80a52b3B46b3aF8e106CC0ed743E8e4,"b""'\xd1Z\xf4\xb0\xbf\xe8\x8d\x18\xae\xe4\xc0\x1f\x95\xd2I\x9d\x85\x8e\xb9\x1d\x9d\xd8\xff\xa8\xad\xbbq\xb3\xd5\xb3\x9c""",191,0x0
0,0xA3cca126b35ddF353ffeE812841E07664646da98,0xA3cca126b35ddF353ffeE812841E07664646da98,38868251269414263,22707619227785153,90775980707293715203963,"b""v\xf2<\xe9\x8b\xde\x13c\x0b\x84\xc2`\xb0\xae\n'\xcd/\x10,\x17\xf7D\xab\xc7\xb6\x97\x83\xe8Qw\x9c""",12485948,,5172818,0xA3cca126b35ddF353ffeE812841E07664646da98,165040,"b'@\x00\x00\x00\x00\x00\x00\x00\x00\x00\x00\x00\x00\x00\x00 \x00\x00\x00\x00\x00\x10@\x00\x00\x00\x00\x00\x00\x01\x00\x00\x00\x00\x00\x00\x00\x00\x00\x00\x00\x00\x00\x00\x00\x00\x08\x00\x00\x00\x00\x00\x00\x00\x00\x00\x00\x00\x00\x00\x00\x04\x00\x00\x00\x00\x00\x00\x00\x00\x00\x02\x00\x00\x00\x08\x00\x00\x00\x00\x00\x00\x00\x00\x00\x00\x00\x00\x00\x00\x00\x00\x00\x00\x00\x00\x00\x10\x00\x00\x00\x00\x00\x00\x00\x00\x00\x00\x00\x00\x00\x00\x00\x00\x00\x00\x00\x00\x00\x00\x00""\x00\x10\x00\x00\x00\x00\x00\x00\x00\x00\x00\x00\x00\x00\x00\x00\x00\x00\x00 \x00\x00\x00\x00\x00\x00\x00 \x00\x00\x00\x00\x00\x00\x00\x00\x00\x80\x00\x02\x00\x00\x00\x00\x00\x00@\x00\x00\x00\x00\x02\x00\x00\x00\x00\x00\x00\x00\x00\x00\x01\x00\x00\x00\x00\x00\x00\x00\x00\x00\x00\x00\x02\x00\x00\x00\x00\x00\x00\x00\x00\x00\x00\x00\x00\x00\x00\x00\x00\x00\x00\x00\x00\x00\x00\x00\x000\x00\x00\x00\x00\x00\x00\x00\x01\x00\x00\x00\x00\x00\x00\x00\x00\x80\x00\x00\x00 \x00\x00\x00\x00\x00\x00\x00\x00\x00\x04\x00\x00\x00\x00'",1,0x70e36f6BF80a52b3B46b3aF8e106CC0ed743E8e4,"b'\xda\xd9k\xbbj\x95\x9f\xa8Sd\xef\x92,\x11q\x89\xd1^\x9b\x11\xe8,\xb6\xda\x061\xdb\x8e\xc1c\x08\x15'",52,0x0
0,0xA9eD447a072AC034eC7b7ED411a5F02276Ca0486,0xA9eD447a072AC034eC7b7ED411a5F02276Ca0486,6000000000000000000,1260667416811696,90762129763954308153925,b'(\xfeo\xb9\xca?Q\xee\xe3\x16*yK\xf7\xe0)V\xab0wk\xd1\xb5\x9d\x03\x9c\xac\xb4\xaaCs\x18',12480533,,5436739,0xA9eD447a072AC034eC7b7ED411a5F02276Ca0486,147928,b'@\x00\x00\x00\x00\x00\x00\x00\x00\x00\x00\x00\x00\x00\x00 \x00\x00\x00\x00\x00\x10@\x00\x00\x00\x00\x00\x00\x00\x00\x00\x00\x00\x00\x00\x00\x00\x00\x00\x00\x00\x00\x00\x00\x00\x08\x00\x00\x00\x00\x00\x00\x00\x00\x00\x00\x00\x00\x00\x00\x04\x00\x00\x00\x00\x00\x00\x00\x00\x00\x02\x00\x00\x00H\x00\x00\x00\x00\x00\x00\x00\x00\x00\x00\x00\x00\x00\x00\x00\x00\x00\x00\x00\x00\x00\x10\x00\x00\x00\x00\x00\x00\x00\x00\x00\x00\x00\x00\x00\x00\x00\x00\x00\x00\x00\x00\x00\x00\x00 \x00\x10\x00\x00\x00\x00\x00\x00\x00\x00\x00\x00\x00\x00\x00\x00\x00\x00\x00 \x00\x00\x00\x00\x00\x00\x00 \x00\x00\x00\x00\x00\x00\x00\x00\x00\x80\x00\x02\x00\x00\x00\x00\x00\x00@\x00\x00\x00\x00\x02\x00\x00\x00\x00\x00\x00\x00\x00\x00\x01\x00\x00\x00\x00\x00\x00\x00\x00\x00\x00\x00\x02\x00\x00\x00\x00\x00\x00\x00\x00\x00\x00\x00\x00\x00\x00\x00\x00\x00\x00\x00\x80\x00\x00\x00\x00\x10\x02\x00\x00\x00\x00\x00\x00\x01\x00\x00\x00\x00\x00\x00\x00\x00\x80\x00\x00\x00 \x00\x00\x00\x00\x00\x00\x00\x00\x00\x04\x00\x00\x00\x00',1,0x70e36f6BF80a52b3B46b3aF8e106CC0ed743E8e4,b'>Qb\t\x98\xe4\x9f\xaaGy/E\xe5\xe3\xa31\x10r \x96<W\xfd\xefL\xc1\x88\x18\x99\xccJ\x19',75,0x0
0,0xc6e963fE6D866A81072C425C4c53f60CfFE09651,0xc6e963fE6D866A81072C425C4c53f60CfFE09651,111822908172981001467,0,90647485484823552652374,b'h\xce/\x9e\x15\x96q}M\xd1U\xd8\xe3\t&\xac\xbebp\xbb\xeae\x08\x11\xb0>\xc5b\xf11@t',12471915,,13027750,0xc6e963fE6D866A81072C425C4c53f60CfFE09651,148256,b'@\x00\x00\x00\x00\x00\x00\x00\x00\x00\x00\x00\x00\x00\x00 \x00\x00\x00\x00\x00\x10@\x00\x00\x00\x00\x00\x00\x04\x00\x00\x00\x00\x00\x00\x00\x00\x00\x00\x00\x00\x00\x00\x00\x00\x08\x00\x00\x00\x00\x00\x00\x00\x00\x00\x00\x00\x00\x00\x00\x04\x00\x00\x00\x00\x00\x00\x00\x00\x00\x02\x00\x00\x00\x08\x00\x00\x00\x00\x00\x00\x00\x00\x00\x00\x00\x00\x00\x00\x00\x00\x00\x00\x00\x00\x00\x10\x00\x00\x00\x00\x00\x00\x00\x00\x00\x00\x00\x00\x00\x00\x00\x00\x00\x00\x00\x00\x00\x00\x00 \x00\x10\x00\x00\x00\x00\x00\x00\x00\x00\x00\x00\x00\x00\x00\x00\x00\x00\x00 \x00\x00\x00\x00\x00\x00\x00 \x00\x00\x00\x00\x00\x00\x00\x00\x00\x80\x00\x02\x00\x00\x00\x00\x00\x00@\x00\x00\x00\x00\x02\x00\x00\x00\x00\x00\x00\x00\x00\x00\x01\x00\x00\x00\x00\x00\x00\x00\x00\x02\x00\x00\x02\x00\x00\x00\x00\x00 \x00\x00\x00\x00\x00\x00\x00\x00\x00\x00\x00\x00\x00\x00\x00\x00\x00\x00\x10\x00\x00\x00\x00\x00\x00\x00\x01\x00\x00\x00\x00\x00\x00\x00\x00\x80\x00\x00\x00 \x00\x00\x00\x00\x00\x00\x00\x00\x00\x04\x00\x00\x00\x00',1,0x70e36f6BF80a52b3B46b3aF8e106CC0ed743E8e4,"b""\xfc\xeb\xf0}\x93Uhx\x1b\x0f\x17\x86sKx'6\x08\xf7\xa1\xbb\xdb\xe4F\xc63\x8e\xb4\x9f\x13\xe8\xb5""",113,0x0
0,0x334a9700E5354E8250fF4fF8b4cB1cE48480FD7b,0x334a9700E5354E8250fF4fF8b4cB1cE48480FD7b,605005527792425459542,407310801695838385,74339880121944087515700,b'\xcd\xfdt\xeb\xb0j\x90\t9jb^\xdf\xc9\xd4 \x9c\xf8\xce`3\xac\xeb\x03\x80?\xa4\xea\x06\xeaB\x08',12465182,,4631782,0x334a9700E5354E8250fF4fF8b4cB1cE48480FD7b,147964,b'@\x00\x00\x00\x00\x00\x00\x00\x00\x00\x00\x00\x00\x00\x00 \x00\x00\x00\x00\x00\x10@\x00\x00\x00\x00\x00\x00\x00\x00\x00\x00\x00\x00\x00\x00\x00\x00\x00\x00\x00\x00\x00\x00\x00\x08\x00\x00\x00\x00\x00\x00\x00\x00\x00\x00\x00\x00\x00\x00\x04\x00\x00\x00\x00\x00\x00\x00\x00\x00\x02\x00\x00\x00\x08\x00\x00\x00\x00\x00\x00\x00\x00\x00\x00\x00\x00\x00\x00\x00\x00\x00\x00\x00\x00\x00\x10\x00\x00\x00\x00\x00\x00\x00\x00\x00\x00\x00\x00\x00\x00\x00\x00\x00\x00\x00\x00\x00\x00\x00 \x00\x10\x00\x00\x00\x00\x00\x00\x00\x00\x00\x00\x00\x00\x00\x00\x00\x00\x00 \x00\x00\x00\x00\x00\x00\x00$\x00\x00\x00\x00\x00\x00\x00\x00\x00\x80\x00\x02\x00\x00\x00\x00\x00\x00@\x00\x00\x00\x00\x02\x00\x00\x00\x00\x00\x00\x00\x00\x00\x01\x00\x00\x00\x00\x00\x00\x00\x00\x02\x00\x00\x02\x00\x00\x00\x00\x00\x00\x00\x00\x00\x00\x00\x00\x00\x00\x00\x00\x00\x00\x00\x00\x00\x00\x00\x00\x10\x00\x00\x00\x00\x00\x00\x00\x01\x00\x00\x00\x00\x00\x00\x00\x00\x80\x00\x00\x00 \x00\x00\x00\x00\x00\x00\x00\x00\x00\x04\x00\x00\x00\x00',1,0x70e36f6BF80a52b3B46b3aF8e106CC0ed743E8e4,"b'\xa9\xaeM\x97\xb0\xde ,\xc6`\xb1G\x95\xf6c\xa8l\x1d\xee\x9d\xe8#\x9a7~\xdc_\xe5\\\x8d\xb2$'",83,0x0
0,0xcfc50541c3dEaf725ce738EF87Ace2Ad778Ba0C5,0xcfc50541c3dEaf725ce738EF87Ace2Ad778Ba0C5,15853631044438797589119,0,74944662852572581012600,b'Yb\xdaK\xd1\xb4\xef0]\x14\xe5\xa9w\xb0Q\x01\xf80\xc0\xca\xa3\x9a\x8b\xc2\x8b\xbf2\x061\x11|\x88',12465071,,5233679,0xcfc50541c3dEaf725ce738EF87Ace2Ad778Ba0C5,181223,b'@\x00\x00\x00\x00\x00\x00\x04\x00\x00\x00\x00\x00\x00\x00 \x00\x00\x00\x00\x00\x10@\x00\x00\x00\x00\x00\x00\x00\x00\x00\x00\x00\x00\x00\x00\x00\x02\x00\x00\x00\x00\x00\x00\x00\x08\x00\x00\x00\x00\x00\x00\x00\x00\x00\x00\x00\x00\x00\x00\x04\x00\x00\x00\x00\x00\x00\x00\x00\x00\x02\x00\x00\x00\x08\x00\x00\x00\x00\x00\x00\x00\x00\x00\x00\x00\x00\x00\x00\x00\x00\x02\x00\x00\x00\x00\x10\x00\x00\x00\x00\x00\x00\x00@\x00\x00\x00\x00\x00\x00\x00\x00\x00\x00\x00\x00\x00\x00\x00 \x00\x10\x00\x00\x00\x00\x00\x00\x00\x00\x00\x00\x00\x00\x00\x00\x00\x00\x00 \x00\x00\x00\x00\x04\x00\x00 \x00\x00\x00\x00\x00\x00\x00\x00\x00\x80\x04\x02\x00\x00\x00\x00\x00\x00@\x00\x00\x00\x00\x02\x00\x00\x00\x00\x00\x00\x00\x00\x00\x01\x00\x00\x00\x00\x00\x00\x00\x00\x04\x00\x00\x02\x00\x00\x00\x00\x00\x00\x00\x00\x00\x00\x00\x00\x00\x00\x00\x00\x00\x00\x00\x00\x00\x00\x00\x00\x10\x00\x00\x00\x00\x00\x00\x00!\x00\x00\x00\x00\x00\x00\x00\x00\x80\x00\x00\x00 \x00\x00\x00\x00\x00\x00\x00\x01\x00\x04\x00\x00\x00\x00',1,0x70e36f6BF80a52b3B46b3aF8e106CC0ed743E8e4,b'>\x92\x0f\x06\xb7$\n\x9ax\xbb\x84z\xfc\xce\xb1U\x8aS\x9c\xc1\t\xec\x8d\xf9&\xc2\xdc(\x9c\xceR\xf8',46,0x0
0,0x4deB3EDD991Cfd2fCdAa6Dcfe5f1743F6E7d16A6,0x4deB3EDD991Cfd2fCdAa6Dcfe5f1743F6E7d16A6,4236997299622743337684,0,86536349856691824798292,b'q\x9c\x8a\xbd\xc5%\xbaYv\xf3\x02E\xb9\xfdg\xbe8\x87\x1e*~C\xc8]n9\x06\xee\nX\x8d\xe6',12439214,,9945729,0x4deB3EDD991Cfd2fCdAa6Dcfe5f1743F6E7d16A6,198323,b'@\x00\x00\x00\x00\x00\x00\x00\x00\x00\x00\x00\x00\x00\x00 \x00\x00\x00\x00\x00\x10@\x08\x00\x00\x00\x00\x00\x00\x00\x00\x00\x00\x00\x00\x00\x00\x02\x00\x00\x00\x00\x00\x00\x00\x08\x00\x00\x80\x00\x00\x00\x00\x00\x00\x00\x00\x00\x00\x00\x04\x00\x00\x00\x00\x00\x00\x00\x00\x00\x02\x00\x00\x00\x08\x00\x00\x00\x00\x00\x00\x00\x00\x00\x00\x00\x00\x00\x00\x00\x00\x00\x00\x00\x00\x00\x10\x00\x00\x00\x00\x00\x00\x00@\x00\x00\x00\x00\x00\x00\x00\x00\x00\x00\x00\x00\x04\x00\x00 \x00\x10\x00\x00\x00\x00\x00\x00\x00\x00\x00\x00\x00\x00\x00\x00\x00\x00\x00 \x00\x00\x00\x00\x00\x00\x00 \x00\x00\x00\x00\x00\x00\x00\x00\x00\x80\x04\x02\x00\x00\x00\x00\x00\x00@\x00\x00\x00\x00\x02\x00\x00\x00\x00\x00\x00\x00\x00\x00\x01\x00\x00\x00\x00\x00\x00\x00\x00\x00\x00\x00\x02\x00\x00\x00\x00\x00\x00\x00\x00\x00\x00\x00\x00\x00\x00\x00\x00\x00\x00\x00\x00\x00\x00\x00\x00\x10\x00\x00\x00\x00\x00\x00\x00\x01\x00\x00\x00\x00\x00\x00\x00\x00\x80\x00\x00\x00 \x00\x00\x00\x00\x00\x00\x00\x00\x00\x04\x00\x00\x00\x00',1,0x70e36f6BF80a52b3B46b3aF8e106CC0ed743E8e4,b'\xddp\xa6!\xc0.\\@w\xb9m\x08\xf0\xfc\x9b\xe3Z\x03\x84%r\xe5\xb0\x82\xdf@\x99?\xfe\x9d$\x88',171,0x0
0,0xcfc50541c3dEaf725ce738EF87Ace2Ad778Ba0C5,0xcfc50541c3dEaf725ce738EF87Ace2Ad778Ba0C5,25000000000000000000000,15834854862694722694076,60852872210871038758608,b'\xb2\nD\x89|xsR\xed\x98 \x1ct\xcd\xd0\x0c-\xe9\xd4W\x877S\x91\xbc1\x98\xbc\xff\x90\xa0\xf8',12427139,,13078642,0xcfc50541c3dEaf725ce738EF87Ace2Ad778Ba0C5,180919,b'@\x00\x00\x00\x00\x00\x00\x04\x00\x00\x00\x00\x00\x00\x00 \x00\x00\x00\x00\x00\x10@\x00\x00\x00\x00\x00\x00\x00\x00\x00\x00\x00\x00\x00\x00\x00\x02\x00\x00\x00\x00\x00\x00\x00\x08\x00\x00\x00\x00\x00\x00\x00\x00\x00\x00\x00\x00\x00\x00\x04\x00\x00\x00\x00\x00\x00\x00\x00\x00\x02\x00\x00\x00\x08\x00\x00\x00\x00\x00\x00\x00\x00\x00\x00\x00\x00\x00\x00\x00\x00\x02\x00\x00\x00\x00\x10\x00\x00\x00\x00\x00\x00\x00@\x00\x00\x00\x00\x00\x00\x00\x00\x00\x00\x00\x00\x00\x00\x00 \x00\x10\x00\x00\x00\x00\x00\x00\x00\x00\x00\x00\x00\x00\x00\x00\x00\x00\x00 \x00\x00\x00\x00\x04\x00\x00 \x00\x00\x00\x00\x00\x00\x00\x00\x00\x80\x04\x02\x00\x00\x00\x00\x00\x00@\x00\x00\x00\x00\x02\x00\x00\x00\x00\x00\x00\x00\x00\x00\x01\x00\x00\x00\x00\x00\x00\x00\x00\x04\x00\x00\x02\x00\x00\x00\x00\x00\x00\x00\x00\x00\x00\x00\x00\x00\x00\x00\x00\x00\x00\x00\x00\x00\x00\x00\x00\x10\x00\x00\x00\x00\x00\x00\x00!\x00\x00\x00\x00\x00\x00\x00\x00\x80\x00\x00\x00 \x00\x00\x00\x00\x00\x00\x00\x01\x00\x04\x00\x00\x00\x00',1,0x70e36f6BF80a52b3B46b3aF8e106CC0ed743E8e4,b'\xe5r.?\n\xabU\r7\xfa\x1d\xcd\n\n/i\xf0\x0cr\xbb]J3\x16\x89\x89\xecNQ\xbc>\x84',212,0x0
0,0xee2826453A4Fd5AfeB7ceffeEF3fFA2320081268,0xee2826453A4Fd5AfeB7ceffeEF3fFA2320081268,447112207378251758094,0,84296122436925943461971,b'<\xdc\xedS!}\xb8\x81\xdfo.\x82E\xf9^\xf5\xa8\xb9\xce6-B\xd4\xc5\xfa\x9d\x99#^\x8d+3',12425804,,14434590,0xee2826453A4Fd5AfeB7ceffeEF3fFA2320081268,165356,b'@\x00\x00\x00\x00\x00\x00\x00\x00\x00\x00\x00\x00\x00\x00 \x00\x00\x00\x00\x00\x90@\x00\x00\x00\x00\x00\x00\x00\x00\x00\x00\x00\x00\x00\x00\x00\x00\x00\x00\x00\x00\x00\x00\x00\x08\x00\x00\x00\x00\x00\x00\x00\x00\x00\x00\x00\x00\x00\x00\x04\x00\x00\x00\x08\x00\x00\x00\x00\x00\x02\x00\x00\x00\x08\x00\x00\x00\x00\x00\x00\x00\x02\x00\x00\x00\x00\x00\x00\x00\x00\x00\x00\x00\x00\x00\x10\x00\x00\x00\x00\x00\x00\x00\x00\x00\x00\x00\x00\x00\x00\x00\x00\x00\x00\x00\x00\x00\x00\x00 \x00\x10\x00\x00\x00\x00\x00\x00\x00\x00\x00\x00\x00\x00\x00\x00\x00\x00\x00 \x00\x00\x00\x00\x00\x00\x00 \x00\x00\x00\x00\x00\x00\x00\x00\x00\x80\x00\x02\x00\x00\x00\x00\x00\x00@\x00\x00\x00\x00\x02\x00\x00\x00\x00\x00\x00\x00\x00\x00\x01\x00\x00\x00\x00\x00\x00\x00\x00\x00\x00\x00\x02\x00\x00\x00\x00\x00\x00\x00\x00\x00\x00\x00\x00\x00\x00\x00\x00\x00\x00\x00\x00\x00\x00\x00\x00\x10\x00\x00\x00\x00\x00\x00\x00\x01\x00\x00\x00\x00\x00\x00\x00\x00\x80\x00\x00\x00 \x00\x00\x00\x00\x00\x00\x00\x00\x00\x04\x00\x00\x00\x00',1,0x70e36f6BF80a52b3B46b3aF8e106CC0ed743E8e4,b'\x18\xda_\x12\xc4:\x1d\x963\xd8E\xc9\xd5>\xf5\xbf\x9eNP4\x9fcw\xf1\xbd\xfc\x1a\x80|\xa3\xcf\xb0',180,0x0
0,0xee2826453A4Fd5AfeB7ceffeEF3fFA2320081268,0xee2826453A4Fd5AfeB7ceffeEF3fFA2320081268,6000000000000000000000,447110739019552097748,84742956339521248184505,b'\xe9vO\xac\xac\x81p\xfb\xae\x158\xaeHj4\x1b\xfa\x1b\x12F\xbe\x8b\x8b\xb3\x8b\xeer\xc5|\xdf\xfa\x14',12425691,,8111494,0xee2826453A4Fd5AfeB7ceffeEF3fFA2320081268,147952,b'@\x00\x00\x00\x00\x00\x00\x00\x00\x00\x00\x00\x00\x00\x00 \x00\x00\x00\x00\x00\x90@\x00\x00\x00\x00\x00\x00\x00\x00\x00\x00\x00\x00\x00\x00\x00\x00\x00\x00\x00\x00\x00\x00\x00\x08\x00\x00\x00\x00\x00\x00\x00\x00\x00\x00\x00\x00\x00\x00\x04\x00\x00\x00\x08\x00\x00\x00\x00\x00\x02\x00\x00\x00\x08\x00\x00\x00\x00\x00\x00\x00\x02\x00\x00\x00\x00\x00\x00\x00\x00\x00\x00\x00\x00\x00\x10\x00\x00\x00\x00\x00\x00\x00\x00\x00\x00\x00\x00\x00\x00\x00\x00\x00\x00\x00\x00\x00\x00\x00 \x00\x10\x00\x00\x00\x00\x00\x00\x00\x00\x00\x00\x00\x00\x00\x00\x00\x00\x00 \x00\x00\x00\x00\x00\x00\x00 \x00\x00\x00\x00\x00\x00\x00\x00\x00\x80\x00\x02\x00\x00\x00\x00\x00\x00@\x00\x00\x00\x00\x02\x00\x00\x00\x00\x00\x00\x00\x00\x00\x01\x00\x00\x00\x00\x00\x00\x00\x00\x00\x00\x00\x02\x00\x00\x00\x00\x00\x00\x00\x00\x00\x00\x00\x00\x00\x00\x00\x00\x00\x00\x00\x00\x00\x00\x00\x00\x10\x00\x00\x00\x00\x00\x00\x00\x01\x00\x00\x00\x00\x00\x00\x00\x00\x80\x00\x00\x00 \x00\x00\x00\x00\x00\x00\x00\x00\x00\x04\x00\x00\x00\x00',1,0x70e36f6BF80a52b3B46b3aF8e106CC0ed743E8e4,b'\xa9_\xd3^D\x1f\xc8\xb4\xfa\xba\xde\t\x93\xa6a\x81\x1f\xf5\xf4\x96\x01h\xb9\xca$\x8b\xc0n\x84\xff\xd5\xde',160,0x0
0,0xcfc50541c3dEaf725ce738EF87Ace2Ad778Ba0C5,0xcfc50541c3dEaf725ce738EF87Ace2Ad778Ba0C5,264928587172994643595,40784935166149989795297,90885455179373470370883,b'\xc0R\xd8\x12\xe4\xcb;\r\xeb+\xcf|\x15\x94\x17d\xc8\xa2\xfb|aW\xa15\xd5)\xa7\xc1d/\x8e\xa9',12384723,,12974695,0xcfc50541c3dEaf725ce738EF87Ace2Ad778Ba0C5,198031,b'@\x00\x00\x00\x00\x00\x00\x04\x00\x00\x00\x00\x00\x00\x00 \x00\x00\x00\x00\x00\x10@\x00\x00\x00\x00\x00\x00\x00\x00\x00\x00\x00\x00\x00\x00\x00\x02\x00\x00\x00\x00\x00\x00\x00\x08\x00\x00\x00\x00\x00\x00\x00\x00\x00\x00\x00\x00\x00\x00\x04\x00\x00\x00\x00\x00\x00\x00\x00\x00\x02\x00\x00\x00\x08\x00\x00\x00\x00\x00\x00\x00\x00\x00\x00\x00\x00\x00\x00\x00\x00\x02\x00\x00\x00\x00\x10\x00\x00\x00\x00\x00\x00\x00@\x00\x00\x00\x00\x00\x00\x00\x00\x00\x00\x00\x00\x00\x00\x00 \x00\x10\x00\x00\x00\x00\x00\x00\x00\x00\x00\x00\x00\x00\x00\x00\x00\x00\x00 \x00\x00\x00\x00\x04\x00\x00 \x00\x00\x00\x00\x00\x00\x00\x00\x00\x80\x04\x02\x00\x00\x00\x00\x00\x00@\x00\x00\x00\x00\x02\x00\x00\x00\x00\x00\x00\x00\x00\x00\x01\x00\x00\x00\x00\x00\x00\x00\x00\x04\x00\x00\x02\x00\x00\x00\x00\x00\x00\x00\x00\x00\x00\x00\x00\x00\x00\x00\x00\x00\x00\x00\x00\x00\x00\x00\x00\x10\x00\x00\x00\x00\x00\x00\x00!\x00\x00\x00\x00\x00\x00\x00\x00\x80\x00\x00\x00 \x00\x00\x00\x00\x00\x00\x00\x01\x00\x04\x00\x00\x00\x00',1,0x70e36f6BF80a52b3B46b3aF8e106CC0ed743E8e4,b'B\xa2\xf9\xff\xb9\x9dn\xa2r\x04\xc5\xa5Z\xa8\xf6\xa51G\r\xc4_or\xc7\xcfZ\x8d\xd5B\x18\x90\xc1',157,0x0
0,0x1Ce99932fD278E00911814dC4bd403e1293d8ED2,0x1Ce99932fD278E00911814dC4bd403e1293d8ED2,2014605820173886207,25526523845326056,91081474715473370226248,b'\x86\x0f\xaa\x0b\xa7\xb1\xf2\xef\xe9\x0e\x9a\x9cJ\x16\xc6\xb5\x8c\x82\xa8\xba\x14o\xfc0\x1e[\xef\x80\t\xc5=\x8f',12358215,,13866630,0x1Ce99932fD278E00911814dC4bd403e1293d8ED2,115294,b'@\x00\x00\x00\x00\x00\x00\x00\x00\x00\x00\x00\x00\x00\x00 \x00\x00\x00\x00\x00\x10\x00\x00\x00\x00\x00\x00\x00\x00\x00\x00\x00\x00\x00\x00\x00\x00\x00\x00\x00\x00\x00\x00\x00\x00\x08\x00\x00\x00\x00\x00\x00\x00\x00\x00\x00\x00\x00\x00\x00\x04\x00\x00\x00\x00\x00\x00\x00\x00\x00\x02\x00\x00\x00\x08\x00\x00\x00\x00\x00\x00\x00\x00\x00\x00\x00\x00\x00\x00\x00\x00\x00\x00\x00\x00\x00\x10\x00\x00\x00\x00\x00\x00\x00\x00\x00\x04\x00\x10\x00\x00\x00\x00\x00\x00\x00\x00\x00\x00\x00 \x00\x10\x10\x00\x00\x00\x00\x00\x00\x00\x00\x00\x00\x00\x00\x00\x00\x00\x00 \x00\x00\x00\x00\x00\x00\x00 \x00\x00\x00\x00\x00\x00\x00\x00\x00\x00\x00\x02\x00\x00\x00\x00\x00\x00@\x00\x00\x00\x00\x02\x00\x00\x00\x00\x00\x00\x00\x00\x00\x01\x00\x00\x00\x00\x00\x00\x00\x00\x00\x00\x00\x02\x00\x00\x00\x00\x00\x00\x00\x00\x00\x00\x00\x00\x00\x00\x00\x00\x00\x00\x00\x00\x00\x00\x00\x00\x10\x00\x00\x00\x00\x00\x00\x00\x01\x00\x00\x00\x00\x00\x00\x00\x00\x80\x00\x00\x00\x00\x00\x00\x00\x00\x00\x00\x00\x00\x00\x04\x00\x00\x00\x00',1,0x70e36f6BF80a52b3B46b3aF8e106CC0ed743E8e4,b'\xe7\x04\xa1BI&\x85\xe7\x02$)\x10\x00\xc35\xf8\xa0V\xa0\xf9)\x90l?\xc0\x1e\x10jR\x00\xf4\x90',166,0x0
0,0xE0B48bA48a60122F30510b5cFAb6AA7dD9c69Cc3,0xE0B48bA48a60122F30510b5cFAb6AA7dD9c69Cc3,34607279969366989,0,91079088075946669103032,b'K\xfd\x12\xe6k6w\xdc[\x08\x8a8\xf2\x1e\xe2\xa57\xc5[\xbe\xb6\x93Z\xc2\\v\xab\x9b\x1a\xba\xb3M',12356517,,7713265,0xE0B48bA48a60122F30510b5cFAb6AA7dD9c69Cc3,148256,b'@\x00\x00\x00\x00\x00\x00\x00\x00\x00\x00\x00\x00\x00\x00 \x00\x00\x00\x00\x00\x10@\x00\x00@\x00\x00\x00\x00\x00\x00\x00\x00\x00\x00 \x00\x00\x00\x00\x00\x00\x00\x00\x00\x08\x00\x00\x00\x00\x00\x00\x00\x00\x00\x00\x00\x00\x00\x00\x04\x00\x00\x00\x00\x00\x00\x00\x00\x00\x02\x00\x00\x00\x08\x00\x00\x00\x00\x00\x00\x00\x00\x00\x00\x00\x00\x00\x00\x00\x00\x00\x00\x00\x00\x00\x10\x00\x00\x00\x00\x00\x00\x00\x00\x00\x00\x00\x00\x00\x00\x00\x00\x00\x00\x00\x00\x00\x00\x00 \x00\x10\x00\x00\x00\x00\x00\x00\x00\x00\x00\x00\x00\x00\x00\x00\x00\x00\x00 \x00\x00\x00\x00\x00\x00\x00 \x00\x00\x00\x00\x00\x00\x00\x00\x00\x80\x00\x02\x00\x00\x00\x00\x00\x00@\x00\x00\x00\x00\x02\x00\x00\x00\x00\x00\x00\x00\x00\x00\x01\x00\x00\x00\x00\x00\x00\x00\x00\x00\x00\x00\x02\x00\x00\x00\x00\x00\x00\x00\x00\x00\x10\x00\x00\x00\x00\x00\x00\x00\x00\x00\x00\x00\x00\x00\x00\x10\x00\x00\x00\x00\x00\x00\x00\x01\x00\x00\x00\x00\x00\x00\x00\x00\x80\x00\x00\x00 \x00\x00\x00\x00\x00\x00\x00\x00\x00\x04\x00\x00\x00\x00',1,0x70e36f6BF80a52b3B46b3aF8e106CC0ed743E8e4,b'\x94\xb3^\xa3\xe7\x06[\xf8\xe4\xb6\x85\xfa\x802\x00\xe94\x89-|E\xec\xed;c\xc8K.\xaa\x94k\x97',67,0x0
0,0x931D1F2D60d401f375222B3406954D3728ECBf87,0x931D1F2D60d401f375222B3406954D3728ECBf87,2200000000000000000,3958497813532710417,91069327100849175327481,b'\xab\x80t=\x85\xce\x81\xd1\x8b<\xb6\xfd\x87V\x08n\x1aM\xb6}\xc0\xda-y]\t\x93`Y\xe3\x0c\xfd',12352698,,13218800,0x931D1F2D60d401f375222B3406954D3728ECBf87,162928,b'@\x00\x00\x00\x00\x00\x00\x00\x00\x00\x00\x00\x00\x00\x00 \x00\x00\x00\x00\x00\x10@\x00\x00\x00\x00\x00\x00\x00\x00\x00\x00\x00\x00\x00\x00\x00\x00\x00\x00\x00\x80\x00\x00\x00\x08\x00\x00\x00\x00\x00\x00\x00\x04\x00\x00\x00\x01\x00\x00\x04\x00\x00\x00\x00\x00\x00\x00\x00\x00\x02\x00\x00\x00\x08\x00\x00\x00\x00\x00\x00\x00\x00\x00\x00\x00\x00\x00\x00\x00\x00\x00\x00\x00\x00\x00\x10\x00\x00\x00\x00\x00\x00\x00\x00\x00\x00\x00\x00\x00\x00\x00\x00\x00\x00\x00\x00\x00\x00\x00 \x00\x10\x00\x00\x00\x00\x00\x00\x00\x00\x00\x00\x00\x00\x00\x00\x00\x00\x00 \x00\x00\x00\x00\x00\x00\x00 \x00\x00\x00\x00\x00\x00\x00\x00\x00\x80\x00\x02\x00\x00\x00\x00\x00\x00@\x00\x00\x00\x00\x02\x00\x00\x00\x00\x00\x00\x00\x00\x00\x01\x00\x00\x00\x00\x00\x00\x00\x00\x00\x00\x00\x02\x00\x00\x00\x00\x00\x00\x00\x00\x00\x00\x00\x00\x00\x00\x00\x00\x00\x00\x00\x00\x00\x00\x00\x00\x10\x00\x00\x00\x00\x00\x00\x00\x01\x00\x00\x00\x00\x00\x00\x00\x00\x80\x00\x00\x00 \x00\x00\x00\x00\x00\x00\x00\x00\x00\x04\x00\x00\x00\x00',1,0x70e36f6BF80a52b3B46b3aF8e106CC0ed743E8e4,b'\xed\xeb\xf3.\xf1.\x1c7\xec\xad\xf1\xab\xe5\xcc\xe1<\xc7\x82\x9f\xee3\xb2\x12e\xee\x81\xe9c\x89\xd1}\xf2',39,0x0
0,0x38A69b066691e280c9E71AB4300051842038A8ca,0x38A69b066691e280c9E71AB4300051842038A8ca,3541714560050693285,45397854314487347,91069785582087151081988,b'v\x8d\xb6R\x99\x9a\xe0\xf6\xd9\x07\x1c\x19Q\xb2\x9dr\xe2\x93L\x06S\xdavQ\xfd)\xe0.H\xf8-\xaf',12352016,,7503529,0x38A69b066691e280c9E71AB4300051842038A8ca,147952,b'@\x00\x00\x00\x00\x00\x00\x00\x00\x00\x00\x00\x00\x00\x00 \x00\x00\x00\x00\x00\x10@\x00\x00\x00\x00\x00\x00\x00\x00\x00\x00\x00\x00\x00\x00\x00\x00\x00\x00\x00\x00\x00\x00\x00H\x00\x00\x00\x00\x00\x00\x00\x00\x00\x00\x00\x00\x00\x00\x04\x00\x00\x00\x00\x00\x00\x00\x00\x00\x02\x00\x00\x00\x08\x00\x00\x00\x00\x00\x00\x00\x00\x00\x00\x00\x00\x00\x00\x00\x00\x00\x00\x00\x00\x00\x10\x00\x00\x00\x00\x00\x00\x00\x00\x00\x00\x00\x00\x00\x00\x00\x00\x00\x00\x00\x10\x00\x00\x00 \x00\x10\x00\x00\x00\x00\x00\x00\x00\x00\x00\x00\x00\x00\x00\x00\x00\x00\x00 \x00\x00\x00\x00\x00\x00\x00 \x00\x00\x00\x00\x00\x00\x00\x00\x00\x80\x00\x02\x00\x00\x00\x00\x00\x00@\x00\x00\x00\x00\x02\x00\x00\x00\x00\x00\x00\x00\x00\x00\x01\x00\x00\x00\x00\x00\x00\x00\x00\x00\x10\x00\x02\x00\x00\x00\x00\x00\x00\x00\x00\x00\x00\x00\x00\x00\x00\x00\x00\x00\x00\x00\x00\x00\x00\x00\x00\x10\x00\x00\x00\x00\x00\x00\x00\x01\x00\x00\x00\x00\x00\x00\x00\x00\x80\x00\x00\x00 \x00\x00\x00\x00\x00\x00\x00\x00\x00\x04\x00\x00\x00\x00',1,0x70e36f6BF80a52b3B46b3aF8e106CC0ed743E8e4,b'%\x14n\xc1\x138\xa7\xe2\xfb\xb5\xb6$\x0b\xd5\xec>\xff4\xe9-\x05\xb5\x80\xab\x7f\xff\x1d\x01\x0e\xa18\xc5',84,0x0
0,0x8FBCE39aB5f2664506d6C3e3CD39f8A419784f62,0x8FBCE39aB5f2664506d6C3e3CD39f8A419784f62,15285373876673071440,0,91025664198781771025041,b'\xe0]\xc0\x03_\t!w\x9b\xf5\xf3J\xc2\xb0\n^\xf2\x01V\xe2\xd3+\x15\xbd\x08\xdc\x15\xd2a\n4\xe5',12332861,,8785103,0x8FBCE39aB5f2664506d6C3e3CD39f8A419784f62,165356,b'@\x00\x00\x00\x00\x00\x00\x00\x00\x00\x00\x00\x00\x00\x00 \x00\x00\x00\x00\x00\x10@\x00\x00\x00\x00\x00\x00\x00\x00\x00\x00\x00\x00\x00\x00\x00\x00\x00\x00\x00\x00\x00\x00\x00\x08\x80\x00\x00\x00\x00\x00\x00\x00\x00\x00\x00\x00\x00\x00\x04\x00\x00\x00\x00\x00\x00\x00\x00\x01\x02\x00\x00\x00\x08\x00\x00\x00\x00\x00\x00\x00\x00\x00\x00\x00\x00\x00\x00\x00\x00\x00\x00\x00\x00\x00\x10\x00\x00\x00\x00\x00\x00\x00\x00\x00\x00\x00\x00\x00\x00\x00\x00\x00\x00\x00\x00\x00\x00\x00 \x00\x10\x00\x00\x00\x00\x00\x00\x00\x00\x00\x00\x00\x00\x00\x00\x00\x00\x00 \x00\x00\x00\x00\x00\x00\x00 \x00\x00\x00\x00\x00\x00\x00\x00\x00\x80\x00\x02\x00\x00\x00\x00\x00\x00@\x00\x00\x00\x00\x02\x00\x00\x00\x00\x00\x00\x00\x00\x00\x01\x00\x00\x00\x00\x00\x00\x00\x00\x00\x00\x00\x02\x00\x00\x00\x00\x00\x00\x00\x00\x00\x00\x00\x00\x00\x00\x00\x00\x00\x00\x00\x00\x00\x00\x00\x00\x10\x00\x00\x00\x00\x00\x00\x00\x01\x00\x00\x00\x00\x00\x00\x00\x00\x80\x00\x00\x00 \x00\x00\x00\x00\x00\x00\x00\x00\x00\x84\x00\x00\x00\x00',1,0x70e36f6BF80a52b3B46b3aF8e106CC0ed743E8e4,"b'.\x93l\x13nm\xd3\x8e8K\xb1\x8f\xd6I9""\x82\xf7mU\x8b\x81\x8f\xad\xc2\x0b\xbc9""2\xa2I'",114,0x0
0,0x4deB3EDD991Cfd2fCdAa6Dcfe5f1743F6E7d16A6,0x4deB3EDD991Cfd2fCdAa6Dcfe5f1743F6E7d16A6,2208934320749973882954,4210286441917696283846,88636836929347437785462,"b'\x87\xb1;\xe2\x7fZ\x1f\x11\xe41\x13cC\xaf\x00+me\xe4\xf5\x9d""\xfdq\xb0q\x81y\xd7\x8a\x95n'",12212149,,3377252,0x4deB3EDD991Cfd2fCdAa6Dcfe5f1743F6E7d16A6,208331,b'@\x00\x00\x00\x00\x00\x00\x00\x00\x00\x00\x00\x00\x00\x00 \x00\x00\x00\x00\x00\x10@\x08\x00\x00\x00\x00\x00\x00\x00\x00\x00\x00\x00\x00\x00\x00\x02\x00\x00\x00\x00\x00\x00\x00\x08\x00\x00\x80\x00\x00\x00\x00\x00\x00\x00\x00\x00\x00\x00\x04\x00\x00\x00\x00\x00\x00\x00\x00\x00\x02\x00\x00\x00\x08\x00\x00\x00\x00\x00\x00\x00\x00\x00\x00\x00\x00\x00\x00\x00\x00\x00\x00\x00\x00\x00\x10\x00\x00\x00\x00\x00\x00\x00@\x00\x00\x00\x00\x00\x00\x00\x00\x00\x00\x00\x00\x04\x00\x00 \x00\x10\x00\x00\x00\x00\x00\x00\x00\x00\x00\x00\x00\x00\x00\x00\x00\x00\x00 \x00\x00\x00\x00\x00\x00\x00 \x00\x00\x00\x00\x00\x00\x00\x00\x00\x80\x04\x02\x00\x00\x00\x00\x00\x00@\x00\x00\x00\x00\x02\x00\x00\x00\x00\x00\x00\x00\x00\x00\x01\x00\x00\x00\x00\x00\x00\x00\x00\x00\x00\x00\x02\x00\x00\x00\x00\x00\x00\x00\x00\x00\x00\x00\x00\x00\x00\x00\x00\x00\x00\x00\x00\x00\x00\x00\x00\x10\x00\x00\x00\x00\x00\x00\x00\x01\x00\x00\x00\x00\x00\x00\x00\x00\x80\x00\x00\x00 \x00\x00\x00\x00\x00\x00\x00\x00\x00\x04\x00\x00\x00\x00',1,0x70e36f6BF80a52b3B46b3aF8e106CC0ed743E8e4,b'K\xbe/~\xa3\x84\xe9U\xcb\xdd\xaei\x12\xca{\xc7G$;\xa5\x86\xa8\xe4\x08\xcc\x93\xaf:\x95\xb3\xcfD',50,0x0
