,blockNumber,timestamp_iso8601,timestamp_unixtime,owner,spender,amount
0,12849856,2021-07-18T09:38:18Z,1626601098,0x0d6af0a4fcd387182ca106270794d81477f6dffd,0x0309c98b1bffa350bcb3f9fb9780970ca32a5060,71116828741
0,12844576,2021-07-17T13:47:45Z,1626529665,0xe02c4de60234da63e759eee3f1af219075e55e3e,0x7da6edbcb3ff92c03c7d511484ebbc5481c304a7,43862826
0,12837401,2021-07-16T10:35:51Z,1626431751,0x680694f3cad8b8ecace7ed2b215b87dbc1d9fcb0,0x11111112542d85b3ef69ae05771c2dccff4faa26,115792089237316195423570985008687907853269984665640564039457584007913129639935
0,12836332,2021-07-16T06:32:30Z,1626417150,0xa6440d0070fcc347e5844d16a20855199d97a779,0xfbb068e099d7ba67456b05b9762efaca88a29b62,115792089237316195423570985008687907853269984665640564039457584007913129639935
0,12832479,2021-07-15T16:05:17Z,1626365117,0x5f1c6012ecda8b25c77bf15e627f409e79964a79,0x11111112542d85b3ef69ae05771c2dccff4faa26,21451925362
0,12821363,2021-07-13T22:06:18Z,1626213978,0xba2ef5189b762bd4c9e7f0b50fbbab65193935e8,0x4ead18d9165321bf25dc4b537827e74806141677,115792089237316195423570985008687907853269984665640564039457584007913129639935
0,12813216,2021-07-12T15:25:54Z,1626103554,0xbececc0d46b3f06b0096c6b2bbc6e429fe7bd911,0xdba80f7255c8b3b3e9082af020b4f99d7c31a1e8,115792089237316195423570985008687907853269984665640564039457584007913129639935
0,12810847,2021-07-12T06:28:22Z,1626071302,0xce8fc7859f96116301153d0738047a371a0254ab,0x544e9ec1cd240d1adade23fdd450d7b5cd6b609e,115792089237316195423570985008687907853269984665640564039457584007913129639935
0,12810704,2021-07-12T06:00:39Z,1626069639,0x90c0bf8d71369d21f8addf0da33d21dcb0b1c384,0x08532218aedf00cf017bf5c42c3584ddf559a00c,115792089237316195423570985008687907853269984665640564039457584007913129639935
0,12810279,2021-07-12T04:24:00Z,1626063840,0x36ab75710650754c32e4850d2ad050849ebb5899,0xaf2490e2e0bd8fd6cffa53cef38483986e1a69b8,115792089237316195423570985008687907853269984665640564039457584007913129639935
0,12807355,2021-07-11T17:26:13Z,1626024373,0x121e31bda99eb8cea32f5889fce66774971dd48f,0xdfc48db9c87892d34febb66fad97caf9059dfb89,115792089237316195423570985008687907853269984665640564039457584007913129639935
0,12807245,2021-07-11T17:01:51Z,1626022911,0x517b692d3a07215aea8be7a13a00af1d38158211,0x18bd764fe2ca5439937cd0bd4bff9bc874145f67,115792089237316195423570985008687907853269984665640564039457584007913129639935
0,12807126,2021-07-11T16:39:05Z,1626021545,0x7e983f042fb16ee5d4a621d44779f8724c2383ee,0x4586d1a0324dabd5ee2f2d28d35945ee27892ff4,115792089237316195423570985008687907853269984665640564039457584007913129639935
0,12801556,2021-07-10T19:37:57Z,1625945877,0x0d6af0a4fcd387182ca106270794d81477f6dffd,0x0309c98b1bffa350bcb3f9fb9780970ca32a5060,197483412969
0,12797910,2021-07-10T05:50:52Z,1625896252,0xa65d89350e5a4cfbdad48af4dfea014cedb929f3,0xf2f67b412a93c71740951b596f8f0e6c881d9aa4,115792089237316195423570985008687907853269984665640564039457584007913129639935
0,12795632,2021-07-09T21:39:30Z,1625866770,0xcd062483e6aa9a5375dd2d74d20021b254003e29,0x03f7724180aa6b939894b5ca4314783b0b36b329,115792089237316195423570985008687907853269984665640564039457584007913129639935
0,12785493,2021-07-08T07:55:14Z,1625730914,0x0d6af0a4fcd387182ca106270794d81477f6dffd,0x0309c98b1bffa350bcb3f9fb9780970ca32a5060,212967579054
0,12785073,2021-07-08T06:19:13Z,1625725153,0xf90a01af91468f5418cda5ed6b19c51550eb5352,0xd557419a2b6617ae4f3041f95ce3916162296568,5045171326
0,12784941,2021-07-08T05:47:59Z,1625723279,0xe9b85ac5544ae66e390b083a933ed2ad107865cb,0x11111112542d85b3ef69ae05771c2dccff4faa26,115792089237316195423570985008687907853269984665640564039457584007913129639935
0,12780989,2021-07-07T15:03:10Z,1625670190,0x0d6af0a4fcd387182ca106270794d81477f6dffd,0x0309c98b1bffa350bcb3f9fb9780970ca32a5060,202802868176
0,12779732,2021-07-07T10:25:07Z,1625653507,0xe672af4dd1b96ceca11602e6f8488e5f54f769d7,0x11111112542d85b3ef69ae05771c2dccff4faa26,115792089237316195423570985008687907853269984665640564039457584007913129639935
0,12777480,2021-07-07T01:50:17Z,1625622617,0xd061c9e20511032f6cca9adee4e9942a78f086a8,0x4c720b820927890fd490c777adf4ecf611785569,115792089237316195423570985008687907853269984665640564039457584007913129639935
0,12776055,2021-07-06T20:26:56Z,1625603216,0x0d6af0a4fcd387182ca106270794d81477f6dffd,0x0309c98b1bffa350bcb3f9fb9780970ca32a5060,198863920326
0,12773640,2021-07-06T11:29:47Z,1625570987,0xd6387836d94aa6efbb101b72dad7d46c90147e9b,0x11111112542d85b3ef69ae05771c2dccff4faa26,115792089237316195423570985008687907853269984665640564039457584007913129639935
0,12769664,2021-07-05T20:30:35Z,1625517035,0x1964f9cffa39ce77611b44dddd21a22290a5283c,0x634548b13ad650d227f69cc56fd6836e1475e136,115792089237316195423570985008687907853269984665640564039457584007913129639935
0,12769060,2021-07-05T18:17:54Z,1625509074,0x64abc5b10c77d93be5038e7b4965d2f0d8279127,0xf1b56dc4d01fdeed837366e637d2a32bdf0582a3,49256593979
0,12762892,2021-07-04T19:25:34Z,1625426734,0x47ee62e8a2cdc765860fa423e0dfa9ebc6a7b19a,0x11111112542d85b3ef69ae05771c2dccff4faa26,115792089237316195423570985008687907853269984665640564039457584007913129639935
0,12761837,2021-07-04T15:28:20Z,1625412500,0x0524fe637b77a6f5f0b3a024f7fd9fe1e688a291,0x36decd10fa7d42aa7b19556091c750dfee26da3b,115792089237316195423570985008687907853269984665640564039457584007913129639935
0,12760779,2021-07-04T11:35:52Z,1625398552,0x7ea0aacaba3d6e5ec781585687ccdb7d1c25f5be,0xf83d3cfa192af0eb1a4da85eb8641caf27c28342,115792089237316195423570985008687907853269984665640564039457584007913129639935
0,12756294,2021-07-03T18:43:49Z,1625337829,0x09f1b4c0a59494f2c695924bcc4b9ce698f22233,0x11111112542d85b3ef69ae05771c2dccff4faa26,115792089237316195423570985008687907853269984665640564039457584007913129639935
0,12754355,2021-07-03T11:34:46Z,1625312086,0x8e17abc49cfbee7c7197e16ea603cd7b9eadfaa3,0xdef1c0ded9bec7f1a1670819833240f027b25eff,115792089237316195423570985008687907853269984665640564039457584007913129639935
0,12751024,2021-07-02T22:57:48Z,1625266668,0xb4118edaf72ddb4b56c922522329f6564f25f638,0xf84be294c1cdc741b62f318a3446b46ef12a24c9,115792089237316195423570985008687907853269984665640564039457584007913129639935
0,12749084,2021-07-02T15:46:05Z,1625240765,0xf90a01af91468f5418cda5ed6b19c51550eb5352,0x4a5219c624cc4b6768b690b0691257ccceaded0c,115792089237316195423570985008687907853269984665640564039457584007913129639935
0,12747848,2021-07-02T11:13:10Z,1625224390,0xc128c43de5f8653f01b4d956cbf5b4173ab31582,0x160cf45de04c41ac372f090a0bca8740f9f9dc04,115792089237316195423570985008687907853269984665640564039457584007913129639935
0,12747222,2021-07-02T08:56:01Z,1625216161,0x5528475e7d683cb3acda3122220ff58bc9b042a5,0x6b4c40a93c820670f7f163e192d0e17166c4a9eb,115792089237316195423570985008687907853269984665640564039457584007913129639935
0,12744314,2021-07-01T22:03:14Z,1625176994,0x4e99d0e681e50161bf2ef2c9d661efb1318e0c36,0xf879f591a190f7890794678d1cf26b437e824574,115792089237316195423570985008687907853269984665640564039457584007913129639935
0,12741204,2021-07-01T10:26:13Z,1625135173,0x2152d12dd450f5c518cad56207952f0ea7f6e01e,0x5f33edb8db48cc8e05e382c88ae147c4dcb0b5f6,115792089237316195423570985008687907853269984665640564039457584007913129639935
0,12741102,2021-07-01T10:05:18Z,1625133918,0x9cdb9392755e0cbd4bd60f2893446317d58cf168,0xb614c8050f37b941576936b718e51fe05610d333,115792089237316195423570985008687907853269984665640564039457584007913129639935
0,12740348,2021-07-01T07:09:03Z,1625123343,0xde2a9efcb80959d4fd6b93148facdd3bae921217,0x11111112542d85b3ef69ae05771c2dccff4faa26,115792089237316195423570985008687907853269984665640564039457584007913129639935
0,12737270,2021-06-30T19:26:55Z,1625081215,0x684f49bc1e04339d84f2370f14dc1491a3b4f113,0x2d93081ce9ec14fc40c34827d27cf3d65c841bf6,115792089237316195423570985008687907853269984665640564039457584007913129639935
0,12735969,2021-06-30T14:43:25Z,1625064205,0xa549d687b131bf2563f6a1ed7e0549f273b0fd21,0x11111112542d85b3ef69ae05771c2dccff4faa26,115792089237316195423570985008687907853269984665640564039457584007913129639935
0,12735968,2021-06-30T14:43:19Z,1625064199,0xa549d687b131bf2563f6a1ed7e0549f273b0fd21,0x11111112542d85b3ef69ae05771c2dccff4faa26,115792089237316195423570985008687907853269984665640564039457584007913129639935
0,12732021,2021-06-29T23:54:07Z,1625010847,0x883f75717caa0101fc972a98f43b59155e60a96a,0x11111112542d85b3ef69ae05771c2dccff4faa26,115792089237316195423570985008687907853269984665640564039457584007913129639935
0,12727548,2021-06-29T07:04:27Z,1624950267,0x4c2bb32d2df34833ac519adac38c31f1c0aa3668,0xc66fb0648952e10934aea1701838ce83ba002fc8,0
0,12726398,2021-06-29T02:49:34Z,1624934974,0x751ba8658e6f8b47c156ba23632bc92d51a35014,0x7210a41ff0624e3aa9786e7861b3b8a297dded16,115792089237316195423570985008687907853269984665640564039457584007913129639935
0,12726340,2021-06-29T02:34:01Z,1624934041,0x97fc31117f7f252f99c696d4cd24efb91d30cac8,0x11111112542d85b3ef69ae05771c2dccff4faa26,115792089237316195423570985008687907853269984665640564039457584007913129639935
0,12719843,2021-06-28T02:29:58Z,1624847398,0x75bbc7d37d3bf975b527cf2e99b947d61a22ef95,0xc2bfdb94b6179c7724ff4e79b93cabc9ff52e7c1,115792089237316195423570985008687907853269984665640564039457584007913129639935
0,12719792,2021-06-28T02:19:56Z,1624846796,0x34ef2a354b0b03014ad3009c6aff73ec43581676,0x5f8db13846d11c72cf0f6b5d2fbaf5aae45c279b,115792089237316195423570985008687907853269984665640564039457584007913129639935
0,12716698,2021-06-27T14:48:51Z,1624805331,0xf3373969cea17f5f83c416836debce6356f8ee0c,0x6bbdcbed662eac665758dda5b7741b4d86c09bab,115792089237316195423570985008687907853269984665640564039457584007913129639935
0,12716610,2021-06-27T14:30:54Z,1624804254,0x3adf2869b57ef6404f617aa55411dab102f9bed5,0x4d6197537a6bb9da8a0f3c21b1cb06db4141ccf7,115792089237316195423570985008687907853269984665640564039457584007913129639935
0,12716605,2021-06-27T14:29:40Z,1624804180,0x3adf2869b57ef6404f617aa55411dab102f9bed5,0x4d6197537a6bb9da8a0f3c21b1cb06db4141ccf7,115792089237316195423570985008687907853269984665640564039457584007913129639935
0,12715498,2021-06-27T10:10:24Z,1624788624,0x512786891b74efc7fd2fe634132044419b476073,0x8a43fad47ab354c98a136b234bada4163a255f62,115792089237316195423570985008687907853269984665640564039457584007913129639935
0,12713467,2021-06-27T02:38:24Z,1624761504,0xad1f712e55b0206420878fc4464bfac15cfe2a5b,0x11111112542d85b3ef69ae05771c2dccff4faa26,115792089237316195423570985008687907853269984665640564039457584007913129639935
0,12709737,2021-06-26T12:42:23Z,1624711343,0x05548d8a753e998dba4727da54c787ed7205f276,0x0309c98b1bffa350bcb3f9fb9780970ca32a5060,34855021657
0,12707832,2021-06-26T05:38:17Z,1624685897,0x2984f02e0bf6cc21419b7f1d5081e53ba00fe458,0x78f225869c08d478c34e5f645d07a87d3fe8eb78,16073028018
0,12707805,2021-06-26T05:30:29Z,1624685429,0x2984f02e0bf6cc21419b7f1d5081e53ba00fe458,0x78f225869c08d478c34e5f645d07a87d3fe8eb78,26788380031
0,12707707,2021-06-26T05:11:15Z,1624684275,0xd3a2a4287647f61eb43922682e96fc9b434605a7,0x5ff7ce4b0386ad2a8d7c975916e61ee013b61507,115792089237316195423570985008687907853269984665640564039457584007913129639935
0,12702837,2021-06-25T10:53:14Z,1624618394,0x6dda77bda607d81c554aa1770c9dda8b78056dbe,0x47eaf5aff6f40935a7c1653ceb7a1c21f86e9a9c,115792089237316195423570985008687907853269984665640564039457584007913129639935
0,12702199,2021-06-25T08:24:18Z,1624609458,0xe6b9c02245a265b2242025adf7a00c1475894553,0x64001db5c436340d9dbeed1bac5a4e8d42860667,115792089237316195423570985008687907853269984665640564039457584007913129639935
0,12701531,2021-06-25T05:50:24Z,1624600224,0x751b640e0abe005548286b5e15353edc996de1cb,0x57348970cf9ded6ce0f1ceec4e165812c6084cb3,0
0,12700908,2021-06-25T03:32:33Z,1624591953,0xc3fb4284159c2d6cb2f84ff1d32bbdaf220f9103,0x881d40237659c251811cec9c364ef91dc08d300c,90071992547409910000000000
0,12700009,2021-06-25T00:09:46Z,1624579786,0xc4fcf1336567bff5f1e5ed095aab304b00ac602a,0x787cdf518bc8c398d1b89ca2b87615a6bf29391b,115792089237316195423570985008687907853269984665640564039457584007913129639935
0,12696159,2021-06-24T09:54:29Z,1624528469,0x751b640e0abe005548286b5e15353edc996de1cb,0x57348970cf9ded6ce0f1ceec4e165812c6084cb3,115792089237316195423570985008687907853269984665640564039457584007913129639935
0,12695524,2021-06-24T07:22:26Z,1624519346,0xe8bf424e047372d249d0826c5567655ba3b72f18,0x5e822ac779a583a6c5380408e8aff62baf52fa73,115792089237316195423570985008687907853269984665640564039457584007913129639935
0,12694249,2021-06-24T02:36:07Z,1624502167,0x128dae04c0762162de56c63b09b836771f22aca7,0x11111112542d85b3ef69ae05771c2dccff4faa26,115792089237316195423570985008687907853269984665640564039457584007913129639935
0,12693536,2021-06-23T23:57:04Z,1624492624,0xc5fbacec334a75b5e4e0be6834ae8053d25d1d91,0x300cb8d9e9822372112c102a5a9ef17af1232b1c,115792089237316195423570985008687907853269984665640564039457584007913129639935
0,12693041,2021-06-23T22:09:57Z,1624486197,0x5fd41ece257465e201398dd97acc444f4fa70260,0x22420aed1844f6cdbc5c65f4fc73041146710518,115792089237316195423570985008687907853269984665640564039457584007913129639935
0,12692530,2021-06-23T20:23:46Z,1624479826,0x5eaea78d43d47be4639fe8d963a339f9196fb233,0x133c2dd6880d75d96f73deec72eed554497784ba,115792089237316195423570985008687907853269984665640564039457584007913129639935
0,12691708,2021-06-23T17:24:29Z,1624469069,0x7859d12f4e4c4d10a849d6ecc53015d2aa2893be,0x881d40237659c251811cec9c364ef91dc08d300c,90071992547409910000000000
0,12690798,2021-06-23T14:08:57Z,1624457337,0x58aa247c070e00a08aa89608fe4bcfcf8f023f87,0xe12f24c867d5f5bad3c7d0a0df82a7b8e8ec681f,115792089237316195423570985008687907853269984665640564039457584007913129639935
0,12689748,2021-06-23T10:04:40Z,1624442680,0xb222752ffe62812ee77aa06f8f7d3afa768101e7,0x621c693ae82500ac7679bef6f6094e907702757a,115792089237316195423570985008687907853269984665640564039457584007913129639935
0,12689500,2021-06-23T09:13:11Z,1624439591,0x4c2bb32d2df34833ac519adac38c31f1c0aa3668,0xc66fb0648952e10934aea1701838ce83ba002fc8,115792089237316195423570985008687907853269984665640564039457584007913129639935
0,12689244,2021-06-23T08:13:18Z,1624435998,0x80658e3657882cfa73fff0eb20c92aa5e948230c,0x11111112542d85b3ef69ae05771c2dccff4faa26,115792089237316195423570985008687907853269984665640564039457584007913129639935
0,12688970,2021-06-23T07:01:16Z,1624431676,0x8f7413411346be5ec75248180326bcbc1b80890e,0x7880815fffe4d8ceb936eade156e9a52595e05b0,115792089237316195423570985008687907853269984665640564039457584007913129639935
0,12688161,2021-06-23T03:56:35Z,1624420595,0x805c559b43565505cec1273801d5aab30fb91004,0x61e1b411274cc3776ed066795c0e5584f3519c52,115792089237316195423570985008687907853269984665640564039457584007913129639935
0,12686844,2021-06-22T22:54:05Z,1624402445,0x75fa47c88e42bf495a895026aa5e7adaeac85568,0x90d3270140c415a2e4a759ed5b393371a11ed101,115792089237316195423570985008687907853269984665640564039457584007913129639935
0,12686720,2021-06-22T22:22:35Z,1624400555,0xb85b27368b1ee6a59f8974c7e1f031bc615ca250,0x31a6a057d19d7963a280ae54bfef07718530cc7f,115792089237316195423570985008687907853269984665640564039457584007913129639935
0,12686293,2021-06-22T20:50:17Z,1624395017,0x4a273abac2ede68ece62283093be5c29d200b906,0x6b5c38879bb575735f457bc031879016f0d00ba3,115792089237316195423570985008687907853269984665640564039457584007913129639935
0,12681907,2021-06-22T04:33:53Z,1624336433,0x1244d96845d94b3d1a550110a5c97ef018f4d24e,0x3a79167e11c1531a166eaeafa90fc9a0fd8700b4,115792089237316195423570985008687907853269984665640564039457584007913129639935
0,12680058,2021-06-21T21:34:25Z,1624311265,0xc7e27f39829b36f3fc749d78ecead2525e328717,0x77963a5ffa3251c291aae4ff720645393dbd8cba,115792089237316195423570985008687907853269984665640564039457584007913129639935
0,12678397,2021-06-21T15:19:42Z,1624288782,0xf9fc7b5b14305510384ba99f58b0d709cbca7fa2,0xdea47f897bdb89cbc4cb5cca3b00ab93ec54c678,115792089237316195423570985008687907853269984665640564039457584007913129639935
0,12678086,2021-06-21T14:14:15Z,1624284855,0xe985a1a1248b995266869258cd965f1de11111ec,0xcf3375ee8bf7acd5cb25c3c93b32bac6fda1a099,115792089237316195423570985008687907853269984665640564039457584007913129639935
0,12676172,2021-06-21T06:59:59Z,1624258799,0xe985a1a1248b995266869258cd965f1de11111ec,0xc2944a3505a08f2facf006800e38818a52216f4b,115792089237316195423570985008687907853269984665640564039457584007913129639935
0,12674851,2021-06-21T01:42:56Z,1624239776,0xbd8800e14ffc3d9132aeab8e08074e58ca7dbd2f,0x2ebfa7bde07a96fdba19fdc56ff1ab9c39be7e0f,115792089237316195423570985008687907853269984665640564039457584007913129639935
0,12672943,2021-06-20T18:55:38Z,1624215338,0xdb480ae4ee0b6fd541919da15f87dbc9be233b8d,0x0f8baf07499d92c6f8dad735131cb9b0bddf6551,1366620272
0,12672644,2021-06-20T17:52:35Z,1624211555,0xc5e672f9aad19f775490bd67ecd1a2ad864d9930,0x7fafa8731bfda2c85013a8b07d9ad5678fc7e7d8,115792089237316195423570985008687907853269984665640564039457584007913129639935
0,12672298,2021-06-20T16:38:32Z,1624207112,0x0060f3570331bf192682afc1aabee27af2ce8e3d,0x44dad5be8e93cc2ae1446e6abbe62e3019407d58,115792089237316195423570985008687907853269984665640564039457584007913129639935
0,12672244,2021-06-20T16:26:40Z,1624206400,0x78a03cb5713cece457753e116173e9d4ccd0f67b,0x0a5c9f424355870b5277a5f83a40571c4c2840df,115792089237316195423570985008687907853269984665640564039457584007913129639935
0,12672038,2021-06-20T15:42:03Z,1624203723,0x77265be7cfb120deab6e94f6d0db69bd0d79dd4f,0x71cac79a5f79e5db0bf1c44d099156e7bea0abfb,115792089237316195423570985008687907853269984665640564039457584007913129639935
0,12672003,2021-06-20T15:34:25Z,1624203265,0x32a59b87352e980dd6ab1baf462696d28e63525d,0xf61aafa86bc8e8e684eb1cf97f03109c6145bab6,115792089237316195423570985008687907853269984665640564039457584007913129639935
0,12671688,2021-06-20T14:19:49Z,1624198789,0x963d071201275fd5fa3dc9bb34fd3d0275ba97a7,0x28a3715fe2d1b2c1ed1c78c32dd5c9046dafdc34,115792089237316195423570985008687907853269984665640564039457584007913129639935
0,12670553,2021-06-20T09:54:12Z,1624182852,0x96b1c6cadea3892b42e9394c3f54c03133006bd3,0xe7730095ef00365bd0fe9206288da8cd7d16e22d,115792089237316195423570985008687907853269984665640564039457584007913129639935
0,12670552,2021-06-20T09:54:03Z,1624182843,0x96b1c6cadea3892b42e9394c3f54c03133006bd3,0xe7730095ef00365bd0fe9206288da8cd7d16e22d,115792089237316195423570985008687907853269984665640564039457584007913129639935
0,12669989,2021-06-20T07:45:30Z,1624175130,0x9d71657276a25c1d3b84e3cb570e58e5b51741f3,0x605c096d79192185648729f29377967e3dfc9d66,0
0,12669978,2021-06-20T07:43:26Z,1624175006,0x02bde23d0338e9ddc2412d902cb3e213b6dee8ed,0x7f1dd5f21ae7af90c3437c9d334a275c093d6f98,115792089237316195423570985008687907853269984665640564039457584007913129639935
0,12669922,2021-06-20T07:31:54Z,1624174314,0x9d71657276a25c1d3b84e3cb570e58e5b51741f3,0x605c096d79192185648729f29377967e3dfc9d66,115792089237316195423570985008687907853269984665640564039457584007913129639935
0,12669871,2021-06-20T07:21:57Z,1624173717,0x4f5695d12c30eae448c5f38023b12572e483453c,0x89ec7bdcd7c2f534c0a4432a2e6dfae70315718b,115792089237316195423570985008687907853269984665640564039457584007913129639935
0,12669635,2021-06-20T06:26:48Z,1624170408,0x279fb445ec0ad02482b2edb154d1003b1ddab713,0x5dcb2943cc642bf9efdb2a32a9a262be747f151d,115792089237316195423570985008687907853269984665640564039457584007913129639935
0,12669145,2021-06-20T04:34:17Z,1624163657,0x448c3ad09a268029e939c20b20c9dabc5665111a,0x5d6b08d4613b854931ea0941a7b4b9707e48e940,115792089237316195423570985008687907853269984665640564039457584007913129639935
0,12669061,2021-06-20T04:17:13Z,1624162633,0xefa99fa2703430a38d095a29f6dc32dd9fdc5a01,0x70e36f6bf80a52b3b46b3af8e106cc0ed743e8e4,0
0,12668860,2021-06-20T03:28:29Z,1624159709,0x36034cba5413c0678b8256acd0a87af4e9d0873a,0xefa99fa2703430a38d095a29f6dc32dd9fdc5a01,14807431504
0,12668114,2021-06-20T00:46:13Z,1624149973,0xd739d47c1f60c705ccaf3dce38d61ea98bdc7acd,0xf8b7a3f52f0dded8651a123cecfcef6c5c3506bd,115792089237316195423570985008687907853269984665640564039457584007913129639935
0,12668050,2021-06-20T00:33:17Z,1624149197,0x50ad452dd4434e547c88262a00f08517743b4c02,0x686d78b9ae1890687e4d7c803ba5c16b08451dc6,14407000000
0,12667430,2021-06-19T22:17:44Z,1624141064,0x21c30d17d9e61ce139dfd2a3d167c5752246b938,0x51b8bba80e2f94102620f41ea702b10df7d3d8b7,0
0,12667391,2021-06-19T22:10:34Z,1624140634,0x21c30d17d9e61ce139dfd2a3d167c5752246b938,0x51b8bba80e2f94102620f41ea702b10df7d3d8b7,115792089237316195423570985008687907853269984665640564039457584007913129639935
0,12667383,2021-06-19T22:08:34Z,1624140514,0x21c30d17d9e61ce139dfd2a3d167c5752246b938,0x51b8bba80e2f94102620f41ea702b10df7d3d8b7,115792089237316195423570985008687907853269984665640564039457584007913129639935
0,12666988,2021-06-19T20:34:36Z,1624134876,0x229fed4f4192ba3aba690e37088bb4a68881df3d,0x11111112542d85b3ef69ae05771c2dccff4faa26,115792089237316195423570985008687907853269984665640564039457584007913129639935
0,12665971,2021-06-19T16:49:09Z,1624121349,0xc071dc48e2b182921e9581f1e4275ab7594259f0,0x526609327a6f9c4797e3b70c8263f42a2688d8c8,115792089237316195423570985008687907853269984665640564039457584007913129639935
0,12665917,2021-06-19T16:37:33Z,1624120653,0xfc07c55a8dc71ab1ffbd2114217ed4b44b8d1b76,0x9e29d6ce8f854296980402794c8de1ab9de2a919,115792089237316195423570985008687907853269984665640564039457584007913129639935
0,12665575,2021-06-19T15:19:15Z,1624115955,0x36034cba5413c0678b8256acd0a87af4e9d0873a,0xefa99fa2703430a38d095a29f6dc32dd9fdc5a01,0
0,12665566,2021-06-19T15:17:00Z,1624115820,0x34e15635a4de3d82da31a4baeb7b9d465017dc63,0x5b974707845535196bb8beea7fdf192acd633edc,115792089237316195423570985008687907853269984665640564039457584007913129639935
0,12665275,2021-06-19T14:14:02Z,1624112042,0x9c3b82c80fc9d9e78442857efa85f94027859c72,0x690d18258c3927938cbe19a4f2c4eee8764f0411,115792089237316195423570985008687907853269984665640564039457584007913129639935
0,12665048,2021-06-19T13:21:42Z,1624108902,0x36034cba5413c0678b8256acd0a87af4e9d0873a,0xefa99fa2703430a38d095a29f6dc32dd9fdc5a01,14807431504
0,12665023,2021-06-19T13:15:38Z,1624108538,0x36034cba5413c0678b8256acd0a87af4e9d0873a,0xefa99fa2703430a38d095a29f6dc32dd9fdc5a01,0
0,12664921,2021-06-19T12:55:16Z,1624107316,0x42713fcd1dbda4c622e339d317b19ad07c57e5db,0x11111112542d85b3ef69ae05771c2dccff4faa26,115792089237316195423570985008687907853269984665640564039457584007913129639935
0,12664901,2021-06-19T12:50:22Z,1624107022,0x6eed39e026e87201ea4a6400c7284a62005a41cf,0xd8ef3cace8b4907117a45b0b125c68560532f94d,19807040628566084398385987584
0,12664892,2021-06-19T12:48:16Z,1624106896,0x36034cba5413c0678b8256acd0a87af4e9d0873a,0xefa99fa2703430a38d095a29f6dc32dd9fdc5a01,20000000000
0,12664792,2021-06-19T12:25:12Z,1624105512,0x6eed39e026e87201ea4a6400c7284a62005a41cf,0xd8ef3cace8b4907117a45b0b125c68560532f94d,19807040628566084398385987584
0,12664498,2021-06-19T11:22:39Z,1624101759,0xc8c85a3b4d03fb3451e7248ff94f780c92f884fd,0xd8ef3cace8b4907117a45b0b125c68560532f94d,79228162514264337593543950335
0,12664210,2021-06-19T10:19:19Z,1624097959,0x45cf46977fec44369a94d4c78114b45dacfd97c1,0x266ef44cb0256a777795812698de693393569e04,115792089237316195423570985008687907853269984665640564039457584007913129639935
0,12663304,2021-06-19T06:50:03Z,1624085403,0x06887528a49f7541a968f959e5d9457e8183d270,0x8467d7e3383ef07a382570eabffe4b92a7a5c67f,115792089237316195423570985008687907853269984665640564039457584007913129639935
0,12663222,2021-06-19T06:31:42Z,1624084302,0x1333c53a798547126ca04647ba925485a6fa7aad,0x34001311c755400b605cd4f6544172db6dfbbff2,115792089237316195423570985008687907853269984665640564039457584007913129639935
0,12662539,2021-06-19T03:55:03Z,1624074903,0xaabd5fbcb8ad62d4fbbb02a2e9769a9f2ee7e883,0x93552fcfe8dcfff517ec4f722f90363ec4b9253c,115792089237316195423570985008687907853269984665640564039457584007913129639935
0,12662392,2021-06-19T03:20:56Z,1624072856,0x95cebf9eb34c37334c3b882130d64d82f3428c99,0xeedb16b8c8750ae4d55cb88982b3e7a94d3e36db,115792089237316195423570985008687907853269984665640564039457584007913129639935
0,12662238,2021-06-19T02:46:52Z,1624070812,0x498eb0867b92bcbcf8a923193b35425c2c29258c,0x1c5397d12329e198fcd12937260437126958983e,115792089237316195423570985008687907853269984665640564039457584007913129639935
0,12662143,2021-06-19T02:27:03Z,1624069623,0xc392fde132396c439191388daa3ccb8a3c51fe76,0xdc34261bb5574958bfd90da7adc4e078f30126c2,115792089237316195423570985008687907853269984665640564039457584007913129639935
0,12661841,2021-06-19T01:22:13Z,1624065733,0xf11d95bd4c18e4a792cd3ffb581e2c30890724a3,0x6821e538b98244b5beef964bf2d8b53650fb0393,115792089237316195423570985008687907853269984665640564039457584007913129639935
0,12661589,2021-06-19T00:24:47Z,1624062287,0x03d4695df4b8d321d31c94de8f430e3450f50498,0x4c9598d1cd7a373497ceee1ff7c21db885a6a9c1,115792089237316195423570985008687907853269984665640564039457584007913129639935
0,12661554,2021-06-19T00:17:22Z,1624061842,0xdb16bb1e9208c46fa0cd1d64fd290d017958f476,0x1d91c38bd9d1433ed8f11427845aca964c8d0738,115792089237316195423570985008687907853269984665640564039457584007913129639935
0,12661412,2021-06-18T23:44:44Z,1624059884,0xb92072b3bebc252ffd6c16ee78ab61dd39c86a9b,0x9a673897d576cf26354e0fba5a115f47235cfebf,115792089237316195423570985008687907853269984665640564039457584007913129639935
0,12661377,2021-06-18T23:35:34Z,1624059334,0x50135439d6aa0f2d3a25531b173094bd9e7525da,0xa0ed77dad87d7ff613a236b520cfa83742edf82c,115792089237316195423570985008687907853269984665640564039457584007913129639935
0,12661121,2021-06-18T22:35:16Z,1624055716,0xb9ed3a2b35396e960af7a812d330726678795d29,0x90da695fcc84705363b84ca089f647cdb2edd78b,115792089237316195423570985008687907853269984665640564039457584007913129639935
0,12660952,2021-06-18T22:01:51Z,1624053711,0x18555eec7c90067ef130dbc727276b2d757604e6,0x6b1a1a4d4aca524574c783bd4be4a72d254b26e6,115792089237316195423570985008687907853269984665640564039457584007913129639935
0,12660770,2021-06-18T21:20:50Z,1624051250,0x02deec8b09d4ec879d4e6793e496e6b58a7d723d,0x4a6eafba4db3eedafc052ebaa2a117806f79699f,115792089237316195423570985008687907853269984665640564039457584007913129639935
0,12658993,2021-06-18T14:43:33Z,1624027413,0x4469adbfca24cf353bb5de6e765707352c6b767d,0x0beb48d292081e17dbd2e8bc140fe907f2511075,115792089237316195423570985008687907853269984665640564039457584007913129639935
0,12658932,2021-06-18T14:30:36Z,1624026636,0xf6aaada76ea7f044ffa028565b028740dce5389f,0xf7547fb761632342dfc432475ba5e29205520759,115792089237316195423570985008687907853269984665640564039457584007913129639935
0,12658680,2021-06-18T13:33:22Z,1624023202,0x10c195f57da35f2ba763e72103cb668cdca17f50,0x425d739756a4cc7d94dd6282a196716078366374,115792089237316195423570985008687907853269984665640564039457584007913129639935
0,12658245,2021-06-18T11:49:52Z,1624016992,0x9576d2189fcc2687ad65d614602c9a30f683544e,0xc651a7356d2ece899a150dfc0d8456fa2695cc82,115792089237316195423570985008687907853269984665640564039457584007913129639935
0,12657441,2021-06-18T08:37:36Z,1624005456,0xfacbbf50b179d12fb41d3f712085b687d332d7ab,0x02ade27b0bed2dab8812b919bf13276c45fe9f5a,115792089237316195423570985008687907853269984665640564039457584007913129639935
0,12657290,2021-06-18T08:06:14Z,1624003574,0xf93a5f0a4925eec32cd585641c88a498523f383c,0x3bbd6050ce5dcce5d18c75970a7b5e9344fec1e2,115792089237316195423570985008687907853269984665640564039457584007913129639935
0,12657154,2021-06-18T07:32:30Z,1624001550,0xfd9a6cd1670fe8eb4012d8abb9cdf25741a6ff04,0x8dae1879b022245f4527416206ffc87525f5e4c5,115792089237316195423570985008687907853269984665640564039457584007913129639935
0,12656389,2021-06-18T04:46:04Z,1623991564,0x91b2882d4405b660a6c7cc7d8f5b42f880148a8a,0xb2be281e8b11b47fec825973fc8bb95332022a54,115792089237316195423570985008687907853269984665640564039457584007913129639935
0,12656155,2021-06-18T03:56:42Z,1623988602,0x2456bad5adc5537154b326ff1f05722a1820a944,0xda43397cdbee188bd945c9171dfbbeae65aa2a8b,115792089237316195423570985008687907853269984665640564039457584007913129639935
0,12655957,2021-06-18T03:10:39Z,1623985839,0x525db04853486c32c1df5b1daf2dffb9ba7c2517,0xf95b16c108583ed62ea419d453b899fd882fc73f,115792089237316195423570985008687907853269984665640564039457584007913129639935
0,12655939,2021-06-18T03:06:51Z,1623985611,0xe8f57953431f94b9afc820ca220b25a2849ae5aa,0xbcaea173c3565ed7e243cc044521eed4ec5edc84,115792089237316195423570985008687907853269984665640564039457584007913129639935
0,12655835,2021-06-18T02:42:58Z,1623984178,0xdaeb0befaa706c92fbd6897faa4cbb2e76e0f3b8,0x1e43f86309ddbe7c7f40ff7fc756130f11d031d7,115792089237316195423570985008687907853269984665640564039457584007913129639935
0,12655691,2021-06-18T02:14:45Z,1623982485,0x4a18c4272d248196f12a327e5af6013ade00ef58,0x2972e3e514a728b649c896ebc6b5abcc5fc41886,115792089237316195423570985008687907853269984665640564039457584007913129639935
0,12655386,2021-06-18T01:15:09Z,1623978909,0x37536f0926e5bf92712bf064415bf94b6dca2bbd,0x0a507202caf9d44cb4be888be274583a20ef514f,115792089237316195423570985008687907853269984665640564039457584007913129639935
0,12655359,2021-06-18T01:09:49Z,1623978589,0x7f1c6e55c5bec9a47a3a7f4c17d2d31d38ddc2aa,0x24fe01d4ad220df57b0239b2435b0e3a98c5c0e5,115792089237316195423570985008687907853269984665640564039457584007913129639935
0,12655314,2021-06-18T00:57:23Z,1623977843,0xdcabccdfa82bb6e9c9adbb1d27dea16b2b2395a4,0xf44051fe4a01a56fb6308f58fdd32ed432cb4f82,115792089237316195423570985008687907853269984665640564039457584007913129639935
0,12655205,2021-06-18T00:32:25Z,1623976345,0x1447b49b636cb1fa24281efcd66aaac44188e3bc,0x259e20aeb8ee53cddc039ae776cc93035f269f6f,115792089237316195423570985008687907853269984665640564039457584007913129639935
0,12655200,2021-06-18T00:31:40Z,1623976300,0x55ca80d688c4ef4b47a44ec517101a54bb6ee202,0x681e2a5fa4817233066bbb5f91e0f4a356775a5a,115792089237316195423570985008687907853269984665640564039457584007913129639935
0,12654955,2021-06-17T23:37:21Z,1623973041,0x4b78ebcf5e6cd9e05c6315588d9e61c0876eaa6a,0x1fc8fe46a7bb356c619fd40e08cc6c9828c3403f,115792089237316195423570985008687907853269984665640564039457584007913129639935
0,12654906,2021-06-17T23:26:26Z,1623972386,0x6fb8479a3bbb7a4ed8395af47916d9a51b7ba038,0xf0df602329867d8563e33ea523ee957f811ec0c3,115792089237316195423570985008687907853269984665640564039457584007913129639935
0,12654758,2021-06-17T22:56:52Z,1623970612,0x62ed786dfd94e095b5b420db7b48f7fc0fd5a2e3,0x7a799f25194106e131ec2b075c68890af9f73b37,115792089237316195423570985008687907853269984665640564039457584007913129639935
0,12654647,2021-06-17T22:29:08Z,1623968948,0x2a3cdc2c160754cd1361d4917857dd490bb14987,0x20394659fcc7b4c9d25eb2625da84fa237ecdb8f,115792089237316195423570985008687907853269984665640564039457584007913129639935
0,12654610,2021-06-17T22:20:45Z,1623968445,0xa758f0dc852fcb95477823759a90c26df9f9e1f5,0x3d1df27608311fe5dfa9d4da6bbef0186170307b,115792089237316195423570985008687907853269984665640564039457584007913129639935
0,12654568,2021-06-17T22:10:17Z,1623967817,0x4b013ace7505ebdc80f3df6181db043793279404,0xc2bfdb94b6179c7724ff4e79b93cabc9ff52e7c1,115792089237316195423570985008687907853269984665640564039457584007913129639935
0,12654457,2021-06-17T21:49:10Z,1623966550,0xd5d9b6f5ee9b87e8a5815d8e6910a0148170e0a6,0xa103ae8c7a5f65f5ff34abc581f9c4100cc22164,115792089237316195423570985008687907853269984665640564039457584007913129639935
0,12653864,2021-06-17T19:35:37Z,1623958537,0x57adad5729e839acd4019fc9e79c2685a42ed489,0xf2b07a31316ee4eca5c14c5f237a9903b4806236,115792089237316195423570985008687907853269984665640564039457584007913129639935
0,12653442,2021-06-17T18:05:30Z,1623953130,0xe248e8e146482ae90dc02daed506d802a8c5ee9f,0x61399e868250b85a560871a2bca40cdca1ba13ae,115792089237316195423570985008687907853269984665640564039457584007913129639935
0,12653415,2021-06-17T17:57:21Z,1623952641,0x6e43d04a2c8b8dc3a6fa9dd35711559b493543d1,0x3af00d2bfc352880d868f61f193832094ca351f4,115792089237316195423570985008687907853269984665640564039457584007913129639935
0,12653102,2021-06-17T16:53:28Z,1623948808,0xcfc50541c3deaf725ce738ef87ace2ad778ba0c5,0x6ddca709e0d29fdd03be35553c77c08f81a3f9e1,115792089237316195423570985008687907853269984665640564039457584007913129639935
0,12652656,2021-06-17T15:11:22Z,1623942682,0xdfa2479adf885f89a1f830a6375b6171eb796e58,0x49f2ab9dcc8eabae98675e57a244c395bd2a1ecb,115792089237316195423570985008687907853269984665640564039457584007913129639935
0,12652437,2021-06-17T14:20:04Z,1623939604,0x7af3edc58487bad40a21b93d90f14453282d8df3,0xe219d2dcadb3fdcb8a4d4061c8f3ef6f07dc1e82,115792089237316195423570985008687907853269984665640564039457584007913129639935
0,12652193,2021-06-17T13:20:41Z,1623936041,0xf8c9cf133252a1a0b2c4b527381eaa94eaef62a6,0xe145800cf0477f6e67c67ae69c695ab2bef1c889,115792089237316195423570985008687907853269984665640564039457584007913129639935
0,12651754,2021-06-17T11:42:48Z,1623930168,0x182f95b830917a3a269faa9439e21f292dc49a13,0x79908ff01947b3d5056aa33c5e1b4b6bfd5aa3d8,115792089237316195423570985008687907853269984665640564039457584007913129639935
0,12651348,2021-06-17T10:12:49Z,1623924769,0xa0062627174959249819f9802dcc0e0426a41891,0x9a2efcdbb2c3c51ee0fb42729e3e1642fc925cac,115792089237316195423570985008687907853269984665640564039457584007913129639935
0,12651340,2021-06-17T10:11:57Z,1623924717,0x018a82c70f689aeedb05cbc55631c5cfa807a25c,0x92eebbff20d907482ef7fc616a184beac196577d,0
0,12651253,2021-06-17T09:51:25Z,1623923485,0x018a82c70f689aeedb05cbc55631c5cfa807a25c,0x92eebbff20d907482ef7fc616a184beac196577d,115792089237316195423570985008687907853269984665640564039457584007913129639935
0,12651036,2021-06-17T09:02:57Z,1623920577,0x9628be77fb3dcd890fd93a5d039092fca855d3cc,0xd0c32b81fccd37147fc3bab1d8cc27cd34941197,115792089237316195423570985008687907853269984665640564039457584007913129639935
0,12650990,2021-06-17T08:50:31Z,1623919831,0x92a4f58009df9eac5f2af6d05977683639f0060e,0xd567c8eef3b9b813f349b613b465e98d45e7ec71,115792089237316195423570985008687907853269984665640564039457584007913129639935
0,12650564,2021-06-17T07:19:07Z,1623914347,0x00002b503a75998c97508916a74fdb41934fa030,0x564c677ecaac339bcf272e2f5225e1c758376ab2,115792089237316195423570985008687907853269984665640564039457584007913129639935
0,12649961,2021-06-17T05:06:32Z,1623906392,0x3955192ac5ba00f9ec028aea240d8177f48c70dc,0x43417d2e44bf11ad4872d7ed9da472710b2025da,115792089237316195423570985008687907853269984665640564039457584007913129639935
0,12649872,2021-06-17T04:46:44Z,1623905204,0xfec310a0523c78ccb0681e5b88ce2de3dfabf12f,0x15b8acbbbcf97816c3a62df0b7d0385761b914a9,115792089237316195423570985008687907853269984665640564039457584007913129639935
0,12649835,2021-06-17T04:39:13Z,1623904753,0x28d5ceefa2c5c682d44c7fd70395c5691c0e5160,0x712c3e172c2109f07e9b4e5749a14ab81d862ea1,115792089237316195423570985008687907853269984665640564039457584007913129639935
0,12649777,2021-06-17T04:29:02Z,1623904142,0x6774305359234f12e766e07f36462104f00ab0b2,0x905a8c3eeadfbe384dadd363d92c765ce4acb7b1,115792089237316195423570985008687907853269984665640564039457584007913129639935
0,12649622,2021-06-17T03:51:59Z,1623901919,0xcd63b4cf255c95b14988c5eec7156d6c2d60ed1e,0x2dcaa740b5637611ada09a2a8f46cbcf6c7099bf,115792089237316195423570985008687907853269984665640564039457584007913129639935
0,12649590,2021-06-17T03:45:58Z,1623901558,0xde08b96895c99f9983c631f7a9b7d504bebeeb94,0x926ffc4a8352b509fbeeb312491520d9f5872cfe,115792089237316195423570985008687907853269984665640564039457584007913129639935
0,12649491,2021-06-17T03:25:28Z,1623900328,0x415fce36e2dc12421f20b93dbad1dd68bd2f6db6,0xd4ee7e59cf8c0acb9dc9795ac8adc7a8b1c8d8d7,115792089237316195423570985008687907853269984665640564039457584007913129639935
0,12649422,2021-06-17T03:07:34Z,1623899254,0x14ce3e82f0b4278c2661de9ec6f81e8d8810f65e,0x5b2845a38efa50e36d541084f580a3c64ac746f1,115792089237316195423570985008687907853269984665640564039457584007913129639935
0,12649256,2021-06-17T02:26:45Z,1623896805,0x557789b119a34e008f36011b057bd7996c65b30c,0xa9484f400bb84d236b1347d646f225e90fbe0c0f,115792089237316195423570985008687907853269984665640564039457584007913129639935
0,12649019,2021-06-17T01:33:49Z,1623893629,0x547b36b9710b5fdbcd89abf983c2b944bfc6c073,0xe343396b71997aa81dcbb5bffd2c729f3d676591,115792089237316195423570985008687907853269984665640564039457584007913129639935
0,12648792,2021-06-17T00:49:11Z,1623890951,0x28ac01ebf289292783cfaad9bbf2c7fe2666dfbd,0xed93856a3d25d19741639b5dff31b1bae02cbf06,115792089237316195423570985008687907853269984665640564039457584007913129639935
0,12648788,2021-06-17T00:48:20Z,1623890900,0xd8fb12540e7d5e3a54b200162429286bc7730bad,0x480dddc1ec8286daa92daea7828d9fc162f8c864,115792089237316195423570985008687907853269984665640564039457584007913129639935
0,12648667,2021-06-17T00:20:02Z,1623889202,0xea222c2cb55b45fe953eb743e1ccae19b810f282,0x2618583b79735b2bee178366798bfcaa8c72d0cf,115792089237316195423570985008687907853269984665640564039457584007913129639935
0,12648610,2021-06-17T00:03:14Z,1623888194,0x141f59a0283303a6b882b4d6973e418f8d75f9b3,0x9178558bdc75b3ac1ba78d9cba989a5532e06679,115792089237316195423570985008687907853269984665640564039457584007913129639935
0,12648464,2021-06-16T23:32:08Z,1623886328,0x7ad5af0b6224a524df4e490116217afecd30d2fa,0x8569f758fb3f3f0f0931cb0ee61ffbd6f2a86d22,115792089237316195423570985008687907853269984665640564039457584007913129639935
0,12648376,2021-06-16T23:12:50Z,1623885170,0x02a8f422e4623cf409b2a1a64a603b16357ea9da,0x9638f59fa5edacaf3ce19d278f200fb339fe1bbc,115792089237316195423570985008687907853269984665640564039457584007913129639935
0,12648267,2021-06-16T22:51:23Z,1623883883,0x4f50d47d20380172746527bbeaa274940c38efac,0xcccd5e535a3df92f6cde303b764adeda6d4a8655,115792089237316195423570985008687907853269984665640564039457584007913129639935
0,12648167,2021-06-16T22:29:02Z,1623882542,0x6c8e4d6f376336871821dbe369bfe444fdd1fc99,0x9131d52ff16de68b4cccbb0a8d82ee5fd380ce9e,115792089237316195423570985008687907853269984665640564039457584007913129639935
0,12648151,2021-06-16T22:25:41Z,1623882341,0x6f9bb7e454f5b3eb2310343f0e99269dc2bb8a1d,0x28ca6a9719a200d869c5c9ecebf1b1feb2ff4286,115792089237316195423570985008687907853269984665640564039457584007913129639935
0,12648093,2021-06-16T22:12:57Z,1623881577,0x472facba35b944a50527ed6f5fb72a91d053e598,0x925564259644c661c0403dd6f91af1293c4c67b4,115792089237316195423570985008687907853269984665640564039457584007913129639935
0,12647886,2021-06-16T21:22:34Z,1623878554,0x5dd171ea1c65fc7fc864da3a36044b02d1f7591f,0x2ff4849758e7b34e260dc6ad8824ee5816261c2c,115792089237316195423570985008687907853269984665640564039457584007913129639935
0,12647855,2021-06-16T21:15:48Z,1623878148,0x24d5b3b398ad08ffc819450bff385dc2438c0e73,0x238ce56261c49ef2398651bcfc397f4a2d837832,115792089237316195423570985008687907853269984665640564039457584007913129639935
0,12647546,2021-06-16T19:58:56Z,1623873536,0x9e5b5bea3a1d1f6132e4a9dd661cbbbf3d5f6cf0,0xcad9ac193b944cccd541887cfe57534f992a22f4,115792089237316195423570985008687907853269984665640564039457584007913129639935
0,12647335,2021-06-16T19:10:36Z,1623870636,0xf809fb312574aeeb2e785707664d84b4e88cdeee,0xb5871b4865c0c71c66d6d30fc0291971d9df5cfb,115792089237316195423570985008687907853269984665640564039457584007913129639935
0,12647288,2021-06-16T18:59:37Z,1623869977,0xbbbc35dfac3a00a03a8fde3540eca4f0e15c5e64,0x4467292a71293c9efd11b0baf1edf5d3dbeb9eb8,115792089237316195423570985008687907853269984665640564039457584007913129639935
0,12647241,2021-06-16T18:47:36Z,1623869256,0x304c8b8aa6905fd8e3596217b8d73535214be3d1,0xa00140c684657c490e09f6387ceee72c3d911c5d,115792089237316195423570985008687907853269984665640564039457584007913129639935
0,12647218,2021-06-16T18:42:17Z,1623868937,0x6665a302bbba3e20f851336ac46ab1055ae84850,0xe7746bc98ed2c6a6feca65573ae917c612f526a9,115792089237316195423570985008687907853269984665640564039457584007913129639935
