,blockNumber,timestamp_iso8601,timestamp_unixtime,from,to,amount
0,12852266,2021-07-18T18:42:01Z,1626633721,0x70e36f6bf80a52b3b46b3af8e106cc0ed743e8e4,0x779e5fee250090cd41f021c8d3bb5b67d2c9fdca,4608896648
0,12852100,2021-07-18T18:02:53Z,1626631373,0x70e36f6bf80a52b3b46b3af8e106cc0ed743e8e4,0x9bde01b5e624dd29439263b8344b5d3312b7d27a,3499172532
0,12851775,2021-07-18T16:50:10Z,1626627010,0x70e36f6bf80a52b3b46b3af8e106cc0ed743e8e4,0x57ca561798413a20508b6bc997481e784f3e6e5f,1401920343452
0,12851770,2021-07-18T16:49:05Z,1626626945,0x70e36f6bf80a52b3b46b3af8e106cc0ed743e8e4,0x0d5e2c0efadb7248c42ff1ae4962cd522106152e,49313475435
0,12851700,2021-07-18T16:32:00Z,1626625920,0x2fe2b0e60ffa814b63d17c41fe02abce9e816862,0x70e36f6bf80a52b3b46b3af8e106cc0ed743e8e4,1322844515
0,12851377,2021-07-18T15:20:50Z,1626621650,0x70e36f6bf80a52b3b46b3af8e106cc0ed743e8e4,0xbc82221e131c082336cf698f0ca3ebd18afd4ce7,3335424771
0,12851092,2021-07-18T14:18:29Z,1626617909,0x70e36f6bf80a52b3b46b3af8e106cc0ed743e8e4,0xdda73e606c28d37e25896ded4ea2d7e44e90cd65,4966124828
0,12851056,2021-07-18T14:11:18Z,1626617478,0x70e36f6bf80a52b3b46b3af8e106cc0ed743e8e4,0xcdf96633f4d86ae167feba892741d46affb7bcc2,49236504
0,12850760,2021-07-18T13:04:33Z,1626613473,0x10dc4f2f4a54d8c7287960287e1296f2b726b289,0x70e36f6bf80a52b3b46b3af8e106cc0ed743e8e4,15585245
0,12850579,2021-07-18T12:25:24Z,1626611124,0x70e36f6bf80a52b3b46b3af8e106cc0ed743e8e4,0x00858982166a1d9ba05ffe832a0693c6f610e0be,74653635770
0,12850301,2021-07-18T11:19:39Z,1626607179,0xeff4941642e1a3a85e762e5dbe86b4b2394f2164,0xcc38fc8eb00ab46a2d6171919c22c75ad047cf8b,453284704
0,12850246,2021-07-18T11:08:13Z,1626606493,0x70e36f6bf80a52b3b46b3af8e106cc0ed743e8e4,0xd240d8b905ff5fd3910662b0c83838498f84406e,1207750023
0,12849856,2021-07-18T09:38:18Z,1626601098,0x0d6af0a4fcd387182ca106270794d81477f6dffd,0x0309c98b1bffa350bcb3f9fb9780970ca32a5060,70783409711
0,12849558,2021-07-18T08:29:25Z,1626596965,0x70e36f6bf80a52b3b46b3af8e106cc0ed743e8e4,0x26c04bc43dd9262e1dc2ee644ee07d0aaba46864,48221458870
0,12849389,2021-07-18T07:47:59Z,1626594479,0xbdde04bb41cd7e608d4cd1df6af6bcbafa768f95,0x70e36f6bf80a52b3b46b3af8e106cc0ed743e8e4,628550374475
0,12849382,2021-07-18T07:47:05Z,1626594425,0x8225b59fe7088254bba33fc48204915f89c413a6,0x772822b0189dc6de7a2216acc9b8175b2d1d7b63,0
0,12849337,2021-07-18T07:37:17Z,1626593837,0x70e36f6bf80a52b3b46b3af8e106cc0ed743e8e4,0x40fd597e491ccb661e470417197ae681957f5724,43566136470
0,12849297,2021-07-18T07:28:46Z,1626593326,0x02ec1090d59cbaa9d58eaebb3328df56a6ded2d3,0x70e36f6bf80a52b3b46b3af8e106cc0ed743e8e4,2465914583
0,12849252,2021-07-18T07:17:39Z,1626592659,0x70e36f6bf80a52b3b46b3af8e106cc0ed743e8e4,0x0c2affc8b2cd4ff89402d797882df784d6be2f62,6274764224
0,12849246,2021-07-18T07:16:06Z,1626592566,0x198ca1beacf70b82c4e6de21e8cb7b6da6d8477a,0x70e36f6bf80a52b3b46b3af8e106cc0ed743e8e4,124742332824
0,12849085,2021-07-18T06:36:29Z,1626590189,0x70e36f6bf80a52b3b46b3af8e106cc0ed743e8e4,0xb6f5b3624d51fba03a801d9ad3586e8a7bbb7575,275643815
0,12849074,2021-07-18T06:35:15Z,1626590115,0x70e36f6bf80a52b3b46b3af8e106cc0ed743e8e4,0xbc82221e131c082336cf698f0ca3ebd18afd4ce7,482521107
0,12848930,2021-07-18T06:01:07Z,1626588067,0x70e36f6bf80a52b3b46b3af8e106cc0ed743e8e4,0xbdde04bb41cd7e608d4cd1df6af6bcbafa768f95,22899427656
0,12848787,2021-07-18T05:26:47Z,1626586007,0x70e36f6bf80a52b3b46b3af8e106cc0ed743e8e4,0xb4e6cdffe9ad377dc6e29f2ffec4de4b3dc99ccf,2718169399
0,12848701,2021-07-18T05:06:40Z,1626584800,0x70e36f6bf80a52b3b46b3af8e106cc0ed743e8e4,0x93a72a4fdb82ce1ae2f91d949707acd9de78b849,2873401698
0,12848699,2021-07-18T05:06:20Z,1626584780,0x70e36f6bf80a52b3b46b3af8e106cc0ed743e8e4,0x06d7438cc3e810411751362efc42266ab1a27802,1714848391
0,12848660,2021-07-18T04:58:11Z,1626584291,0x70e36f6bf80a52b3b46b3af8e106cc0ed743e8e4,0xbc82221e131c082336cf698f0ca3ebd18afd4ce7,2110146652
0,12848594,2021-07-18T04:44:53Z,1626583493,0x70e36f6bf80a52b3b46b3af8e106cc0ed743e8e4,0x231fb4ee9138cd2880b43389177067a6a76df908,657023315
0,12848563,2021-07-18T04:39:10Z,1626583150,0x70e36f6bf80a52b3b46b3af8e106cc0ed743e8e4,0x766917c3ee4aa5164b3a6f01363865efa8ce6ffd,1871003572
0,12848371,2021-07-18T03:56:59Z,1626580619,0x70e36f6bf80a52b3b46b3af8e106cc0ed743e8e4,0xe91cbc483a8fda6bc377ad8b8c717f386a93d349,35197399601
0,12848144,2021-07-18T03:08:27Z,1626577707,0x70e36f6bf80a52b3b46b3af8e106cc0ed743e8e4,0x695c63a99c49aa657249e25ac31447996ceab766,3396432829
0,12847798,2021-07-18T01:48:34Z,1626572914,0xcd062483e6aa9a5375dd2d74d20021b254003e29,0x70e36f6bf80a52b3b46b3af8e106cc0ed743e8e4,186301483
0,12847617,2021-07-18T01:10:02Z,1626570602,0x70e36f6bf80a52b3b46b3af8e106cc0ed743e8e4,0x493e973ee64ea501a380635d254b6a32ac9490d4,13663295197
0,12847603,2021-07-18T01:06:58Z,1626570418,0x70e36f6bf80a52b3b46b3af8e106cc0ed743e8e4,0x8d1fff1cf1cf527fe44672e0b130b77563c1f3e5,19694840893
0,12847317,2021-07-17T23:57:08Z,1626566228,0x70e36f6bf80a52b3b46b3af8e106cc0ed743e8e4,0x2ea91e12c9006a9b1b6f215de7c849177966103c,1041257289
0,12847255,2021-07-17T23:41:48Z,1626565308,0x70e36f6bf80a52b3b46b3af8e106cc0ed743e8e4,0xaa6663dcd08f6a1d18e8b240292e9f1b7843ddba,73855743671
0,12847219,2021-07-17T23:30:52Z,1626564652,0x70e36f6bf80a52b3b46b3af8e106cc0ed743e8e4,0xff0847037455a73740c2f3a7f2e39b3650bd8d31,650785974
0,12847137,2021-07-17T23:12:38Z,1626563558,0x70e36f6bf80a52b3b46b3af8e106cc0ed743e8e4,0xbc82221e131c082336cf698f0ca3ebd18afd4ce7,4923718286
0,12847068,2021-07-17T22:57:08Z,1626562628,0x70e36f6bf80a52b3b46b3af8e106cc0ed743e8e4,0xbc82221e131c082336cf698f0ca3ebd18afd4ce7,241262254
0,12847016,2021-07-17T22:45:25Z,1626561925,0xbececc0d46b3f06b0096c6b2bbc6e429fe7bd911,0xdba80f7255c8b3b3e9082af020b4f99d7c31a1e8,39930392857
0,12846982,2021-07-17T22:39:04Z,1626561544,0x70e36f6bf80a52b3b46b3af8e106cc0ed743e8e4,0xc6145175d51edfd6383851dc101f5872a79d7829,771574689
0,12846953,2021-07-17T22:31:52Z,1626561112,0x70e36f6bf80a52b3b46b3af8e106cc0ed743e8e4,0x695c63a99c49aa657249e25ac31447996ceab766,1825715242
0,12846939,2021-07-17T22:28:29Z,1626560909,0x70e36f6bf80a52b3b46b3af8e106cc0ed743e8e4,0x09eeb148e534c69920bbd4f220332bfaf42b893d,5372537213
0,12846929,2021-07-17T22:26:35Z,1626560795,0x70e36f6bf80a52b3b46b3af8e106cc0ed743e8e4,0xf204d452cd93e242624f13a4cfbbee112fbe3c79,1711589716
0,12846797,2021-07-17T22:01:44Z,1626559304,0x70e36f6bf80a52b3b46b3af8e106cc0ed743e8e4,0xdd45ca901067d65860b54d4310e37371cd92fb09,4923724169
0,12846703,2021-07-17T21:41:03Z,1626558063,0x4951280b183b9b9c2d91ae9b9b29dc7383ad8cbf,0x70e36f6bf80a52b3b46b3af8e106cc0ed743e8e4,2877250348
0,12846628,2021-07-17T21:23:52Z,1626557032,0x70e36f6bf80a52b3b46b3af8e106cc0ed743e8e4,0x845b2b680699ab2be5eb7b939ac6735938891fed,127984139116
0,12846618,2021-07-17T21:21:15Z,1626556875,0x70e36f6bf80a52b3b46b3af8e106cc0ed743e8e4,0xb7f33214cad61ffdfc81af7ef91c8912538e5050,4948345903
0,12846606,2021-07-17T21:19:04Z,1626556744,0x70e36f6bf80a52b3b46b3af8e106cc0ed743e8e4,0x845b2b680699ab2be5eb7b939ac6735938891fed,258173683559
0,12846596,2021-07-17T21:16:56Z,1626556616,0x39be1c2b09dfadf3bb925e562615a1d4603d874f,0x70e36f6bf80a52b3b46b3af8e106cc0ed743e8e4,33109637471
0,12846572,2021-07-17T21:09:54Z,1626556194,0x70e36f6bf80a52b3b46b3af8e106cc0ed743e8e4,0x28ca6a9719a200d869c5c9ecebf1b1feb2ff4286,4317124765
0,12846553,2021-07-17T21:06:34Z,1626555994,0x70e36f6bf80a52b3b46b3af8e106cc0ed743e8e4,0x589fb1268ab39dd66c4c4c471242de46ea972430,16087097329
0,12846520,2021-07-17T20:58:46Z,1626555526,0x70e36f6bf80a52b3b46b3af8e106cc0ed743e8e4,0x3ae85998c25fd1673bfa3906be2cc6a0f1efa195,19395994395
0,12846508,2021-07-17T20:56:51Z,1626555411,0x70e36f6bf80a52b3b46b3af8e106cc0ed743e8e4,0x2f2982887e38f83d6d04277b149234080ec50b69,1236802116
0,12846483,2021-07-17T20:51:10Z,1626555070,0x70e36f6bf80a52b3b46b3af8e106cc0ed743e8e4,0x6d2eebc1d65e95eafc4e4c8a0742399b5280bafa,6112397242
0,12846274,2021-07-17T20:02:11Z,1626552131,0x70e36f6bf80a52b3b46b3af8e106cc0ed743e8e4,0xbe344c4562342165fb259e0542473f0d1d7cb303,1132458640
0,12846168,2021-07-17T19:38:17Z,1626550697,0x70e36f6bf80a52b3b46b3af8e106cc0ed743e8e4,0x2ea91e12c9006a9b1b6f215de7c849177966103c,51841070
0,12846014,2021-07-17T19:03:54Z,1626548634,0x70e36f6bf80a52b3b46b3af8e106cc0ed743e8e4,0x09680e225e0310540df56d6972ea6ff0278314c4,2778268246
0,12845976,2021-07-17T18:54:41Z,1626548081,0x70e36f6bf80a52b3b46b3af8e106cc0ed743e8e4,0xf45f2f7b1bedfb3e3f17621ef8165274b91155ce,208076156
0,12845965,2021-07-17T18:52:30Z,1626547950,0x70e36f6bf80a52b3b46b3af8e106cc0ed743e8e4,0x3d944f03602e9225f486d2b58bee6c71e47b472b,7385607852
0,12845950,2021-07-17T18:48:26Z,1626547706,0x70e36f6bf80a52b3b46b3af8e106cc0ed743e8e4,0x7d1480691773144bf7750c81fda9504eb901a433,3914936689
0,12845939,2021-07-17T18:47:33Z,1626547653,0x70e36f6bf80a52b3b46b3af8e106cc0ed743e8e4,0xdd8c96399d5c16456910e58837c2da8224568ccb,74141662141
0,12845688,2021-07-17T17:50:33Z,1626544233,0x70e36f6bf80a52b3b46b3af8e106cc0ed743e8e4,0xe8b15938bbc2c86bae3f8dc0aa2164c255e95c09,310562059
0,12845304,2021-07-17T16:24:34Z,1626539074,0x70e36f6bf80a52b3b46b3af8e106cc0ed743e8e4,0x89f40ca416df2cb2fda79c3f5d9338e87cab0600,129836829387
0,12844983,2021-07-17T15:14:46Z,1626534886,0x090869e2f2764f300607861171de5a074b0bc9d6,0x70e36f6bf80a52b3b46b3af8e106cc0ed743e8e4,6566511290
0,12844871,2021-07-17T14:52:18Z,1626533538,0x70e36f6bf80a52b3b46b3af8e106cc0ed743e8e4,0xa1db546883c772c7fd4034e265c0779fb1d7880a,29681330799
0,12844851,2021-07-17T14:49:07Z,1626533347,0x70e36f6bf80a52b3b46b3af8e106cc0ed743e8e4,0x7daeb3ce3e7cb986ca507477a749f44b9a8aa220,422992257
0,12844683,2021-07-17T14:09:53Z,1626530993,0xe02c4de60234da63e759eee3f1af219075e55e3e,0x7da6edbcb3ff92c03c7d511484ebbc5481c304a7,394765434
0,12844680,2021-07-17T14:09:38Z,1626530978,0x70e36f6bf80a52b3b46b3af8e106cc0ed743e8e4,0xbc82221e131c082336cf698f0ca3ebd18afd4ce7,103398977
0,12844608,2021-07-17T13:54:17Z,1626530057,0xe02c4de60234da63e759eee3f1af219075e55e3e,0x7da6edbcb3ff92c03c7d511484ebbc5481c304a7,43862826
0,12844400,2021-07-17T13:08:42Z,1626527322,0xfa17d59a4bbd5f1f14efa67c77b0b7d0193c35f5,0x70e36f6bf80a52b3b46b3af8e106cc0ed743e8e4,12018212942
0,12844082,2021-07-17T11:48:43Z,1626522523,0x70e36f6bf80a52b3b46b3af8e106cc0ed743e8e4,0x4011ee4762c73ad36570cd46463f59484f0e3bfc,12166586837
0,12844077,2021-07-17T11:47:06Z,1626522426,0x70e36f6bf80a52b3b46b3af8e106cc0ed743e8e4,0x18bd764fe2ca5439937cd0bd4bff9bc874145f67,26729556984
0,12843723,2021-07-17T10:26:12Z,1626517572,0x70e36f6bf80a52b3b46b3af8e106cc0ed743e8e4,0xb684bd7d5c2937b68451798efab8945e5d19f7c4,475294938
0,12843559,2021-07-17T09:51:33Z,1626515493,0x70e36f6bf80a52b3b46b3af8e106cc0ed743e8e4,0xbc82221e131c082336cf698f0ca3ebd18afd4ce7,4993302728
0,12843269,2021-07-17T08:49:44Z,1626511784,0x70e36f6bf80a52b3b46b3af8e106cc0ed743e8e4,0xcb2c281a7dc748c0d60732e80209720a0f40d2d7,8027753918
0,12843138,2021-07-17T08:22:54Z,1626510174,0x8b5e1092adc6d99008211dc0fce00ae10c75e919,0x70e36f6bf80a52b3b46b3af8e106cc0ed743e8e4,4968783948
0,12843136,2021-07-17T08:22:18Z,1626510138,0xa6440d0070fcc347e5844d16a20855199d97a779,0xfbb068e099d7ba67456b05b9762efaca88a29b62,90772340694
0,12842991,2021-07-17T07:39:42Z,1626507582,0x70e36f6bf80a52b3b46b3af8e106cc0ed743e8e4,0x4011ee4762c73ad36570cd46463f59484f0e3bfc,10569900087
0,12842703,2021-07-17T06:31:05Z,1626503465,0x090869e2f2764f300607861171de5a074b0bc9d6,0x70e36f6bf80a52b3b46b3af8e106cc0ed743e8e4,97686187
0,12842664,2021-07-17T06:24:08Z,1626503048,0x70e36f6bf80a52b3b46b3af8e106cc0ed743e8e4,0x2d2d53aa2e298edc56dbf3da0a001fa1ff0cf14f,2025488199
0,12842653,2021-07-17T06:21:29Z,1626502889,0x5d6b08d4613b854931ea0941a7b4b9707e48e940,0x70e36f6bf80a52b3b46b3af8e106cc0ed743e8e4,3961784652
0,12842292,2021-07-17T04:51:35Z,1626497495,0xdc96fb2a0823662b2d7094c401e0039312830b9f,0x70e36f6bf80a52b3b46b3af8e106cc0ed743e8e4,1945480586
0,12842100,2021-07-17T04:07:47Z,1626494867,0x70e36f6bf80a52b3b46b3af8e106cc0ed743e8e4,0x39be1c2b09dfadf3bb925e562615a1d4603d874f,33109637471
0,12841995,2021-07-17T03:41:26Z,1626493286,0x70e36f6bf80a52b3b46b3af8e106cc0ed743e8e4,0x440c8ab91ba7c8763b3d9b3357dc1c0d13a148aa,971260032
0,12841955,2021-07-17T03:31:42Z,1626492702,0x70e36f6bf80a52b3b46b3af8e106cc0ed743e8e4,0xbdde04bb41cd7e608d4cd1df6af6bcbafa768f95,53403621297
0,12841931,2021-07-17T03:25:57Z,1626492357,0x70e36f6bf80a52b3b46b3af8e106cc0ed743e8e4,0xbc82221e131c082336cf698f0ca3ebd18afd4ce7,5999860775
0,12841914,2021-07-17T03:21:59Z,1626492119,0x70e36f6bf80a52b3b46b3af8e106cc0ed743e8e4,0x84ad3e210db11c41d9c4df7518573f4387f12b9f,758573783
0,12841401,2021-07-17T01:32:53Z,1626485573,0x70e36f6bf80a52b3b46b3af8e106cc0ed743e8e4,0x7da957bfa534a593618ce9a16216a1ea57b8e941,350477334196
0,12841377,2021-07-17T01:27:26Z,1626485246,0x70e36f6bf80a52b3b46b3af8e106cc0ed743e8e4,0xdeb9553eed4a1e9896000071e50a19ec83301574,1155887196
0,12841290,2021-07-17T01:07:49Z,1626484069,0x70e36f6bf80a52b3b46b3af8e106cc0ed743e8e4,0xde122ae193f46d67c239ae0c7dae644f9931a772,49238194855
0,12841057,2021-07-17T00:18:54Z,1626481134,0x70e36f6bf80a52b3b46b3af8e106cc0ed743e8e4,0x339b00277f32265b5a46599ad30495b0e921eb6f,3313429724
0,12841020,2021-07-17T00:11:14Z,1626480674,0x70e36f6bf80a52b3b46b3af8e106cc0ed743e8e4,0x7859d12f4e4c4d10a849d6ecc53015d2aa2893be,615478019
0,12840984,2021-07-17T00:02:18Z,1626480138,0x70e36f6bf80a52b3b46b3af8e106cc0ed743e8e4,0xeff2f5d388c5a82371702653572bd2d07ad10cf1,196797989
0,12840708,2021-07-16T22:57:55Z,1626476275,0xf75898cac54fd9ecba2f5f74f1600fcb251ea6bc,0x70e36f6bf80a52b3b46b3af8e106cc0ed743e8e4,14772246340
0,12840632,2021-07-16T22:43:38Z,1626475418,0x70e36f6bf80a52b3b46b3af8e106cc0ed743e8e4,0xab9424c3507be50d8d9b185e58e1bff47f1db642,192029404205
0,12840616,2021-07-16T22:40:14Z,1626475214,0x70e36f6bf80a52b3b46b3af8e106cc0ed743e8e4,0xab9424c3507be50d8d9b185e58e1bff47f1db642,4923831154
0,12840435,2021-07-16T22:02:50Z,1626472970,0x7c6ce24d013cd4ddf4c193ce318e3d5533a33f42,0x70e36f6bf80a52b3b46b3af8e106cc0ed743e8e4,923972364
0,12840256,2021-07-16T21:26:33Z,1626470793,0x70e36f6bf80a52b3b46b3af8e106cc0ed743e8e4,0x4c69c46a9ae117b0435e5133d4725e89653fd595,30015421467
0,12840232,2021-07-16T21:22:48Z,1626470568,0x70e36f6bf80a52b3b46b3af8e106cc0ed743e8e4,0x52237c546f6302a17936d65f184c30430fe6583c,12309656054
