,borrower,borrowAmount,accountBorrows,totalBorrows,blockHash,blockNumber,contractAddress,cumulativeGasUsed,from,gasUsed,logsBloom,status,to,transactionHash,transactionIndex,type
0,0x64766A072821dd9812dA18C917F421edf9003eC2,9.7e+18,44831961445887524029,90749980853253877995848,b')\x9du\xb4o\xefa\xbe\xcb\xc4\x07\x81\xa51\x17\x02\x13\xf7\xc5eo\x0b\xf9\xcd\xa9\x84\x1c\xee\xfdf\xf5b',12657151,,8526802,0x64766A072821dd9812dA18C917F421edf9003eC2,268012,b'@\x00\x00\x00 \x00\x00\x00\x00\x00\x00\x00\x00\x00\x00 \x00\x00\x00\x00\x00\x10@\x00\x00\x00\x00\x00\x00\x00\x00\x00\x00\x00\x00\x00\x00\x00\x80\x00\x00\x00\x00\x00\x00\x00\x08\x00\x00\x00\x00\x00\x00\x00\x00\x00\x00\x00\x00\x00\x00\x04\x00\x00\x00\x00\x00\x00\x00\x00\x00\x02\x00\x00\x00\x08\x00\x00\x00\x00\x00\x00\x00\x00\x00\x00\x00\x00\x00\x00\x00\x00\x00\x00\x00\x00\x00\x00\x00\x00\x00\x00 \x00\x00\x00\x00\x00\x00\x00\x00\x00\x00\x00\x00\x00\x00\x00\x00\x00\x00\x00\x00\x10\x00\x00\x00\x00\x00\x00\x00\x10\x00\x00\x00\x00\x00\x00\x00\x00\x00 \x00\x00\x00\x00\x00\x00\x00 \x00\x00\x00\x00\x00\x00\x00\x00\x00\x80\x00\x02\x00\x00\x00\x00\x00\x00@\x00\x00\x00\x00\x02\x00\x00\x00\x00\x00\x00\x00\x00\x00\x01\x00\x00\x00\x00\x00\x00\x00\x00\x00\x00\x00\x02\x80\x00\x00\x00\x00\x00\x00\x00\x00\x00\x00\x00\x00\x00\x00\x00\x00\x00\x00\x00\x00\x00\x00\x00\x10\x00\x00\x00\x00\x00\x00\x00\x01\x00\x00\x00\x00\x00\x00\x00\x00\x80\x00\x00\x00 \x00\x00\x00\x00\x00\x00\x01\x00\x00\x00\x00\x00\x00\x00',1,0x70e36f6BF80a52b3B46b3aF8e106CC0ed743E8e4,b'\xe4\x86\x0c0\xaa\xb3\x07\x052\xeb\x1d-\xac\x985\xaa\xbf G\xbeh\xec\xd0\x7f}>\xc3\x1c\x11\x0c\xf1\x87',148,0x0
0,0x64766A072821dd9812dA18C917F421edf9003eC2,1.05e+19,35050943185304441608,90749939862066701438674,"b'%kI\xc7""\x91\xf2\xda\x8e\xfa\xdc3\x1fz\x13\x07\x02\x19\xba=0\xc8\xca*u\xa4\xf9\x05\xc8\x0f2\x9a'",12574963,,12665341,0x64766A072821dd9812dA18C917F421edf9003eC2,268012,b'@\x00\x00\x00 \x00\x00\x00\x00\x00\x00\x00\x00\x00\x00 \x00\x00\x00\x00\x00\x10@\x00\x00\x00\x00\x00\x00\x00\x00\x00\x00\x00\x00\x00\x00\x00\x80\x00\x00\x00\x00\x00\x00\x00\x08\x00\x00\x00\x00\x00\x00\x00\x00\x00\x00\x00\x00\x00\x00\x04\x00\x00\x00\x00\x00\x00\x00\x00\x00\x02\x00\x00\x00\x08\x00\x00\x00\x00\x00\x00\x00\x00\x00\x00\x00\x00\x00\x00\x00\x00\x00\x00\x00\x00\x00\x00\x00\x00\x00\x00 \x00\x00\x00\x00\x00\x00\x00\x00\x00\x00\x00\x00\x00\x00\x00\x00\x00\x00\x00\x00\x10\x00\x00\x00\x00\x00\x00\x00\x10\x00\x00\x00\x00\x00\x00\x00\x00\x00 \x00\x00\x00\x00\x00\x00\x00 \x00\x00\x00\x00\x00\x00\x00\x00\x00\x80\x00\x02\x00\x00\x00\x00\x00\x00@\x00\x00\x00\x00\x02\x00\x00\x00\x00\x00\x00\x00\x00\x00\x01\x00\x00\x00\x00\x00\x00\x00\x00\x00\x00\x00\x02\x80\x00\x00\x00\x00\x00\x00\x00\x00\x00\x00\x00\x00\x00\x00\x00\x00\x00\x00\x00\x00\x00\x00\x00\x10\x00\x00\x00\x00\x00\x00\x00\x01\x00\x00\x00\x00\x00\x00\x00\x00\x80\x00\x00\x00 \x00\x00\x00\x00\x00\x00\x01\x00\x00\x00\x00\x00\x00\x00',1,0x70e36f6BF80a52b3B46b3aF8e106CC0ed743E8e4,"b'\x0e\x9dP.~<\xcf\xcc,J\xbf\xa6\xaf\x80/E\xbd!\xadI\x08,(\xa8\xca^BS\xf1\xb0\xd5\xce'",212,0x0
0,0x64766A072821dd9812dA18C917F421edf9003eC2,1.05e+19,24546743688414533954,90749985798208459381210,b'\xfdf\xd3Y\xabx\rr5\xe0\xe0\xcf\x1d\xef#+\x1c\xdb(y\x00\x8a\n\t\xa8\xba\xd4\xc7\x17\x13#\xd1',12568700,,11941932,0x64766A072821dd9812dA18C917F421edf9003eC2,268012,b'@\x00\x00\x00 \x00\x00\x00\x00\x00\x00\x00\x00\x00\x00 \x00\x00\x00\x00\x00\x10@\x00\x00\x00\x00\x00\x00\x00\x00\x00\x00\x00\x00\x00\x00\x00\x80\x00\x00\x00\x00\x00\x00\x00\x08\x00\x00\x00\x00\x00\x00\x00\x00\x00\x00\x00\x00\x00\x00\x04\x00\x00\x00\x00\x00\x00\x00\x00\x00\x02\x00\x00\x00\x08\x00\x00\x00\x00\x00\x00\x00\x00\x00\x00\x00\x00\x00\x00\x00\x00\x00\x00\x00\x00\x00\x00\x00\x00\x00\x00 \x00\x00\x00\x00\x00\x00\x00\x00\x00\x00\x00\x00\x00\x00\x00\x00\x00\x00\x00\x00\x10\x00\x00\x00\x00\x00\x00\x00\x10\x00\x00\x00\x00\x00\x00\x00\x00\x00 \x00\x00\x00\x00\x00\x00\x00 \x00\x00\x00\x00\x00\x00\x00\x00\x00\x80\x00\x02\x00\x00\x00\x00\x00\x00@\x00\x00\x00\x00\x02\x00\x00\x00\x00\x00\x00\x00\x00\x00\x01\x00\x00\x00\x00\x00\x00\x00\x00\x00\x00\x00\x02\x80\x00\x00\x00\x00\x00\x00\x00\x00\x00\x00\x00\x00\x00\x00\x00\x00\x00\x00\x00\x00\x00\x00\x00\x10\x00\x00\x00\x00\x00\x00\x00\x01\x00\x00\x00\x00\x00\x00\x00\x00\x80\x00\x00\x00 \x00\x00\x00\x00\x00\x00\x01\x00\x00\x00\x00\x00\x00\x00',1,0x70e36f6BF80a52b3B46b3aF8e106CC0ed743E8e4,"b'\x15q\xc3S\xd2\xd0\xbd\x07\x94@\x91\x9e\x9e=\x91\x148\xbe\xa7\xa6\xa5\xbc,*\x8b\xe0\x94\x84\x13\x90\x8a\x03'",211,0x0
0,0xA9eD447a072AC034eC7b7ED411a5F02276Ca0486,6e+18,6000000000000000000,90749062366282407319695,b'\x98\xfdR\xcd\x9b\x8f\x04\xdfK2\xc7\xcc\xd3\x05v\xe8O\xb4_F\xdf\x03L\x89R*\x8c\xf0\xbf\xc9)M',12473287,,13299491,0xA9eD447a072AC034eC7b7ED411a5F02276Ca0486,475010,b'\x00\x00\x00\x00 \x00\x00\x00\x00\x00\x00\x00\x00\x00\x00\x00\x00\x00\x00\x00\x00\x00@\x00\x00\x00\x00\x00\x00\x00\x00\x00\x00\x00\x00\x00\x00\x00\x80\x00\x00\x00\x00\x00\x00\x00\x08\x00\x00\x00\x00\x00\x00\x00\x00\x00\x00\x00\x00\x00\x00\x04\x00\x00\x00\x00\x00\x00\x00\x00\x00\x02\x00\x00\x00H\x00\x00\x00\x00\x00\x00\x00\x00\x00\x00\x00\x00\x00\x00\x00\x00\x00\x00\x00\x00\x00\x00\x00\x00\x00\x00\x00\x00\x00\x00\x00\x00\x00\x00\x00\x00\x00\x00\x00\x00\x00\x00\x00\x00\x00\x00\x00\x10\x00\x00\x00\x00\x00\x00\x00\x10\x00\x00\x00\x00\x00\x00\x00\x00\x00 \x00\x00\x00\x00\x00\x00\x00\x00\x00\x00\x00\x00\x00\x00\x00\x00\x00\x80\x00\x00\x00\x00\x00\x00\x00\x00@\x00\x00\x00\x00\x02\x00\x00\x00\x00\x00\x00\x00\x00\x00\x00\x00\x00\x00\x00\x00\x00\x00\x00\x00\x00\x00\x02\x00\x00\x00\x00\x00\x00\x00\x00\x00\x00\x00\x00\x00\x00\x00\x00\x00\x00\x00\x80\x00\x00\x00\x00\x10\x02\x00\x00\x00\x00\x00\x00\x01\x00\x00\x00\x00\x00\x00\x00\x00\x80\x00\x00\x00 \x00\x00\x00\x00\x00\x00\x00\x00\x00\x00\x00\x00\x00\x00',1,0x70e36f6BF80a52b3B46b3aF8e106CC0ed743E8e4,"b""\x1fZ\x8e\xde\x06\xaf\xff\x15H=\xc4\xcf\xb4%%G\x04\xc2\x98/\xb5\x10\xc0\r\x19=V\x9f\x92\xe6\xa8'""",164,0x0
0,0x41fA28CA6d17AeF97D641AA230e57243b10AFcD4,270000000000000000000,1206640849195464750633,90749480396517344379505,b'`wsA\x9e\xedd\xe8q\xdc\x9c\xcc\x8cj=\xa7\xa0u\xac\x8f\xcf\x98[\r\xd5i\x0f\xd5\t\xc8\xa8\x03',12468242,,14718307,0x41fA28CA6d17AeF97D641AA230e57243b10AFcD4,602886,b'@\x00\x00\x00 \x00\x00\x00\x00\x00\x00\x00\x00\x00\x00 \x00\x00\x00\x00\x00\x10@\x00\x00\x00\x00\x00\x00\x10\x00\x00\x00\x00\x00\x00\x00\x00\x80\x00\x00\x00\x00\x00\x00\x00\x08\x00\x00\x00\x00\x00\x00\x00\x00\x00\x00\x00\x00\x00\x00\x04\x00\x00\x00\x00\x00\x00\x00\x00\x00\x02\x00\x00\x00\x08\x00\x00\x00\x00\x00\x00\x00\x00\x00\x00\x00\x00\x00\x00\x00\x00\x00\x00\x00\x00\x00\x00\x00\x00\x00\x00\x00\x00\x00\x00\x00\x00\x00\x00\x00\x00\x00\x00\x00\x00\x00\x00\x00\x00\x00\x00\x00\x10\x00\x00\x00\x00\x00\x00\x00\x10\x00\x00\x00\x00\x00 \x00\x00\x00 \x00\x00\x00\x00\x00\x00\x00 \x00\x00\x00\x00\x00\x00\x00\x00\x00\x80\x00\x02\x00\x00\x00\x00\x00\x00@\x00\x00\x00\x00\x02\x00\x00\x00\x00\x00\x00\x00\x00\x00\x01\x00\x00\x00\x00\x00\x00\x00\x00\x00\x00\x00\x02\x00\x00\x00\x00\x00\x00\x00\x00\x00\x00\x00\x00\x00\x00\x00\x00\x00\x04\x00\x00\x00\x00\x00\x00\x10\x00\x00\x00\x00\x00\x00\x00\x01\x00\x00\x00\x00\x00\x00\x00\x00\x80\x00\x00\x00 \x00\x00\x00\x00\x00\x00\x00\x00\x00\x00\x00\x00\x00\x00',1,0x70e36f6BF80a52b3B46b3aF8e106CC0ed743E8e4,b'b\xfb\xe1+/U\xaf\x9e\x14C\x15\x14&\xd98\x98erO\xfc\xca\xc9\xbe\xdeL\x96\xd7*j\x02\xacd',232,0x0
0,0x64766A072821dd9812dA18C917F421edf9003eC2,13000000000000000000,28014701526581317616,90492206231912900068324,"b""XQhX<b\xddQ\xb2\xdf\xb3\x1d'\xf1\xc3Z\xa1\xf4eY\x10\xd1\xc17\x12\x972\x9d!`\xd5~""",12467763,,6543571,0x64766A072821dd9812dA18C917F421edf9003eC2,274220,b'@\x00\x00\x00 \x00\x00\x00\x00\x00\x00\x00\x00\x00\x00 \x00\x00\x00\x00\x00\x10@\x00\x00\x00\x00\x00\x00\x00\x00\x00\x00\x00\x00\x00\x00\x00\x80\x00\x00\x00\x00\x00\x00\x00\x08\x00\x00\x00\x00\x00\x00\x00\x00\x00\x00\x00\x00\x00\x00\x04\x00\x00\x00\x00\x00\x00\x00\x00\x00\x02\x00\x00\x00\x08\x00\x00\x00\x00\x00\x00\x00\x00\x00\x00\x00\x00\x00\x00\x00\x00\x00\x00\x00\x00\x00\x00\x00\x00\x00\x00 \x00\x00\x00\x00\x00\x00\x00\x00\x00\x00\x00\x00\x00\x00\x00\x00\x00\x00\x00\x00\x10\x00\x00\x00\x00\x00\x00\x00\x10\x00\x00\x00\x00\x00\x00\x00\x00\x00 \x00\x00\x00\x00\x00\x00\x00 \x00\x00\x00\x00\x00\x00\x00\x00\x00\x80\x00\x02\x00\x00\x00\x00\x00\x00@\x00\x00\x00\x00\x02\x00\x00\x00\x00\x00\x00\x00\x00\x00\x01\x00\x00\x00\x00\x00\x00\x00\x00\x00\x00\x00\x02\x80\x00\x00\x00\x00\x00\x00\x00\x00\x00\x00\x00\x00\x00\x00\x00\x00\x00\x00\x00\x00\x00\x00\x00\x10\x00\x00\x00\x00\x00\x00\x00\x01\x00\x00\x00\x00\x00\x00\x00\x00\x80\x00\x00\x00 \x00\x00\x00\x00\x00\x00\x01\x00\x00\x00\x00\x00\x00\x00',1,0x70e36f6BF80a52b3B46b3aF8e106CC0ed743E8e4,b'\x97\xda\x07\xfe\x16\x13?\xeaAv\xe5\x1f\xa1\nB\x15\xae\x92\xd3\xc68\x7fe]1=\x13k\xa2\x80\x0f\x98',56,0x0
0,0x41fA28CA6d17AeF97D641AA230e57243b10AFcD4,68000000000000000000,936625805820339739951,90479034414807494825691,b'\x8ay\x07\x00\x05\xc7\xeb\x97r\x90\xf6;\xcab\xcf\xce\xc2\xd7\x7fE\x10\x13ln\xf8\xd4n\xc5\xf6$\x8c\xb6',12467699,,4818651,0x41fA28CA6d17AeF97D641AA230e57243b10AFcD4,585798,b'@\x00\x00\x00 \x00\x00\x00\x00\x00\x00\x00\x00\x00\x00 \x00\x00\x00\x00\x00\x10@\x00\x00\x00\x00\x00\x00\x10\x00\x00\x00\x00\x00\x00\x00\x00\x80\x00\x00\x00\x00\x00\x00\x00\x08\x00\x00\x00\x00\x00\x00\x00\x00\x00\x00\x00\x00\x00\x00\x04\x00\x00\x00\x00\x00\x00\x00\x00\x00\x02\x00\x00\x00\x08\x00\x00\x00\x00\x00\x00\x00\x00\x00\x00\x00\x00\x00\x00\x00\x00\x00\x00\x00\x00\x00\x00\x00\x00\x00\x00\x00\x00\x00\x00\x00\x00\x00\x00\x00\x00\x00\x00\x00\x00\x00\x00\x00\x00\x00\x00\x00\x10\x00\x00\x00\x00\x00\x00\x00\x10\x00\x00\x00\x00\x00 \x00\x00\x00 \x00\x00\x00\x00\x00\x00\x00 \x00\x00\x00\x00\x00\x00\x00\x00\x00\x80\x00\x02\x00\x00\x00\x00\x00\x00@\x00\x00\x00\x00\x02\x00\x00\x00\x00\x00\x00\x00\x00\x00\x01\x00\x00\x00\x00\x00\x00\x00\x00\x00\x00\x00\x02\x00\x00\x00\x00\x00\x00\x00\x00\x00\x00\x00\x00\x00\x00\x00\x00\x00\x04\x00\x00\x00\x00\x00\x00\x10\x00\x00\x00\x00\x00\x00\x00\x01\x00\x00\x00\x00\x00\x00\x00\x00\x80\x00\x00\x00 \x00\x00\x00\x00\x00\x00\x00\x00\x00\x00\x00\x00\x00\x00',1,0x70e36f6BF80a52b3B46b3aF8e106CC0ed743E8e4,b'?K\x1e1\x8b\xfa#\x16\xd3\xf9<\x88A\x9c\xd3k\xf8\xc6U\xf8\x9db\x9e\xfe)\xad\xf1\x01\xd9-HZ',49,0x0
0,0x57ca561798413a20508B6bC997481E784F3E6e5f,12500000000000000000000,25586708743510746109020,90410361402526515708659,b'\xa3\x96<\xac8\xc8\xb9#\xb9\xed\xd9\xee\x05\xcah\x93E\x8c\x9f\xfc\xa5\x04n>D\n\xf6\xdc\xe2x\x17\x0c',12467448,,5286640,0x57ca561798413a20508B6bC997481E784F3E6e5f,603175,b'@\x00\x00\x00 \x00\x00\x00\x00\x00\x00\x00\x00\x00\x00 \x00\x00\x00\x00\x00\x10@\x00\x00\x10\x00\x00\x00\x00\x00\x00\x00\x00\x00\x00\x00\x00\x80\x00\x00\x00\x00\x00\x00\x00\x08\x00\x00\x00\x00\x00\x00\x00\x00\x00\x00\x00\x00\x00\x00\x04\x00\x00\x00\x00\x00\x00\x00\x00\x00\x02\x00\x00\x00\x08\x00\x00\x00\x00\x00\x00\x00\x00\x00\x00\x00\x00\x00\x00\x00\x00\x00\x00\x00\x00\x00\x00\x00\x00\x00\x00\x00\x00\x00\x00\x00\x00\x00\x00\x00\x00\x00\x00\x00\x00\x00\x00\x00\x10\x00\x00\x00\x10\x00\x00\x00\x00\x00\x00\x00\x10\x00\x00\x00\x00\x00\x00\x00\x00\x00 \x00\x00\x00\x00\x00\x00\x00 \x00\x00\x00\x00\x00\x00\x00\x00\x00\x80\x00\x02\x04\x00\x00\x00\x00\x00@\x00\x00\x00\x00\x02\x00\x00\x00\x00\x00\x00\x00\x00\x00\x01\x00\x00\x00\x00\x00\x00\x00\x00\x00\x00\x00\x02\x00\x00\x00\x00\x00\x00\x00\x00\x00\x00\x00\x00\x00\x00\x00\x00\x00\x00\x00\x00\x00\x00\x00\x00\x10\x00\x00\x00\x00\x00\x00\x00\x01\x00\x00\x00\x00\x00\x00\x00\x00\x80\x00\x00\x00 \x00\x00\x00\x00\x00\x00\x00\x00\x00\x00\x00\x00\x00\x00',1,0x70e36f6BF80a52b3B46b3aF8e106CC0ed743E8e4,b'\x11]iB\xc0\xfd$\xa2c\xe3{\xd8ch.\x17\x86\xbf8\xc9\x91\xa9$wB[\x1f\xad\xad\xda\t\xc5',88,0x0
0,0x41fA28CA6d17AeF97D641AA230e57243b10AFcD4,56902170309863640000,868611726485027400770,77109679584250200494214,b'\xcb\xed\x05\x9a+U_D\xed\x91W\xa8\x12w\x95\xae\r\xda\xd6\xa3f=9\xcc\x94[r\xa6\xbeR\x11\xb6',12467126,,3380820,0x41fA28CA6d17AeF97D641AA230e57243b10AFcD4,585822,b'@\x00\x00\x00 \x00\x00\x00\x00\x00\x00\x00\x00\x00\x00 \x00\x00\x00\x00\x00\x10@\x00\x00\x00\x00\x00\x00\x10\x00\x00\x00\x00\x00\x00\x00\x00\x80\x00\x00\x00\x00\x00\x00\x00\x08\x00\x00\x00\x00\x00\x00\x00\x00\x00\x00\x00\x00\x00\x00\x04\x00\x00\x00\x00\x00\x00\x00\x00\x00\x02\x00\x00\x00\x08\x00\x00\x00\x00\x00\x00\x00\x00\x00\x00\x00\x00\x00\x00\x00\x00\x00\x00\x00\x00\x00\x00\x00\x00\x00\x00\x00\x00\x00\x00\x00\x00\x00\x00\x00\x00\x00\x00\x00\x00\x00\x00\x00\x00\x00\x00\x00\x10\x00\x00\x00\x00\x00\x00\x00\x10\x00\x00\x00\x00\x00 \x00\x00\x00 \x00\x00\x00\x00\x00\x00\x00 \x00\x00\x00\x00\x00\x00\x00\x00\x00\x80\x00\x02\x00\x00\x00\x00\x00\x00@\x00\x00\x00\x00\x02\x00\x00\x00\x00\x00\x00\x00\x00\x00\x01\x00\x00\x00\x00\x00\x00\x00\x00\x00\x00\x00\x02\x00\x00\x00\x00\x00\x00\x00\x00\x00\x00\x00\x00\x00\x00\x00\x00\x00\x04\x00\x00\x00\x00\x00\x00\x10\x00\x00\x00\x00\x00\x00\x00\x01\x00\x00\x00\x00\x00\x00\x00\x00\x80\x00\x00\x00 \x00\x00\x00\x00\x00\x00\x00\x00\x00\x00\x00\x00\x00\x00',1,0x70e36f6BF80a52b3B46b3aF8e106CC0ed743E8e4,b'\xdc\xe0\xc5E\x98\x1b\xe11\xc5\x9a]\nK\xf3A\xd2\xa5)\xbaP\x13^4^\xc4\x958E\xe4h\xf7\x8b',30,0x0
0,0x41fA28CA6d17AeF97D641AA230e57243b10AFcD4,240000000000000000000,811707104169202681251,77052544653505154817485,b'\xcaiN\xbe cR\x9e\x12\xd8Pt\xa4\xfb#\xba\xf7\xc0\xdfv\\\xf6\xf7\xfc2\x96L\xf3P\x13\x83G',12467014,,14159350,0x41fA28CA6d17AeF97D641AA230e57243b10AFcD4,602898,b'@\x00\x00\x00 \x00\x00\x00\x00\x00\x00\x00\x00\x00\x00 \x00\x00\x00\x00\x00\x10@\x00\x00\x00\x00\x00\x00\x10\x00\x00\x00\x00\x00\x00\x00\x00\x80\x00\x00\x00\x00\x00\x00\x00\x08\x00\x00\x00\x00\x00\x00\x00\x00\x00\x00\x00\x00\x00\x00\x04\x00\x00\x00\x00\x00\x00\x00\x00\x00\x02\x00\x00\x00\x08\x00\x00\x00\x00\x00\x00\x00\x00\x00\x00\x00\x00\x00\x00\x00\x00\x00\x00\x00\x00\x00\x00\x00\x00\x00\x00\x00\x00\x00\x00\x00\x00\x00\x00\x00\x00\x00\x00\x00\x00\x00\x00\x00\x00\x00\x00\x00\x10\x00\x00\x00\x00\x00\x00\x00\x10\x00\x00\x00\x00\x00 \x00\x00\x00 \x00\x00\x00\x00\x00\x00\x00 \x00\x00\x00\x00\x00\x00\x00\x00\x00\x80\x00\x02\x00\x00\x00\x00\x00\x00@\x00\x00\x00\x00\x02\x00\x00\x00\x00\x00\x00\x00\x00\x00\x01\x00\x00\x00\x00\x00\x00\x00\x00\x00\x00\x00\x02\x00\x00\x00\x00\x00\x00\x00\x00\x00\x00\x00\x00\x00\x00\x00\x00\x00\x04\x00\x00\x00\x00\x00\x00\x10\x00\x00\x00\x00\x00\x00\x00\x01\x00\x00\x00\x00\x00\x00\x00\x00\x80\x00\x00\x00 \x00\x00\x00\x00\x00\x00\x00\x00\x00\x00\x00\x00\x00\x00',1,0x70e36f6BF80a52b3B46b3aF8e106CC0ed743E8e4,b'p\xe4=\x8f`=\xeb\x9e\xdb\xa1\xb3m\x95\xe2\\\x85o\xc2M\xc9\xb0\xd0\xcc\x1b\xd593j\x86\xe7\xfd.',196,0x0
0,0x21C30d17D9e61Ce139DFd2A3d167C5752246b938,380000000000000000000,1013110376931453838827,76811233576462401295903,b'\xa9<a\xc4YN\xea\xd1\xab\x03\xc0\xe0D;\xc9\x87\x1c\xe4F\x10g_\xa4\x94\xe2:}\x96g\x8dA\x8d',12466383,,14207356,0x21C30d17D9e61Ce139DFd2A3d167C5752246b938,587621,b'@\x00\x00\x00 \x00\x00\x00\x00\x00\x00\x00\x00\x00\x00 \x00\x00\x00\x00\x00\x10@\x00\x00\x00\x00\x00\x00\x00\x00\x00\x00\x00\x00\x00\x00\x00\x80\x00\x00\x00\x00\x00\x00\x00\x08\x00\x00\x00\x00\x00\x00\x00\x00\x00\x00\x00\x00\x00\x00\x04\x00\x00\x00\x00\x00\x00\x00\x00\x00\x02\x00\x00\x00\x08\x00\x00\x00\x00\x00\x00\x00\x00\x00\x00\x00\x00\x00\x00\x00\x00\x00\x00\x00\x00\x00\x00\x00\x00\x00\x00\x00\x00\x00\x00\x00\x00\x00\x00\x00\x00\x00\x00\x00\x00\x00\x00\x00\x00\x00\x00\x00\x10\x00\x00\x00\x00\x00\x00\x00\x10\x00\x00\x00\x00\x00\x00\x00\x00\x00 \x00\x00\x00\x00\x00\x00\x00 \x00\x00\x00\x00\x00\x00\x00\x00\x00\x80\x00\x02\x00\x00\x00\x00\x00\x00@\x00\x00\x00\x00\x02\x00\x00\x00\x00\x00\x00\x00\x00\x00\x01\x00\x00\x00\x00\x00\x00\x00\x00\x00\x00\x00\x02\x00\x00\x00\x00\x00\x00\x00\x00\x00\x00\x00\x00\x00\x00\x00\x00\x00\x00\x00\x00\x00\x00\x00\x00\x10\x00\x00\x00\x00\x00\x00\x00\x01\x00\x00\x00\x00\x00\x00\x00\x00\x80\x00\x00\x00 \x00\x00\x00\x00\x00\x00\x00@\x00\x00 \x00\x00\x80',1,0x70e36f6BF80a52b3B46b3aF8e106CC0ed743E8e4,b'\x92!$\xb0yX}\xe6\x10\xd8\xf3\xd4\xfa\x87\xfcNqL\xf9\xf9\xae\xfcc\xd7J\xa0\xe5\xaf\xa2\x84\x84t',173,0x0
0,0x21C30d17D9e61Ce139DFd2A3d167C5752246b938,450000000000000000000,633102652034817518438,76430301000720985542076,b'E\x05\xdcy\xb7\xb4\xe2\xfdB3.\xc8d\xb7\x9c\xb0e\x97/\x99\xc24\xefW\xeam\x0e{\xa9\xbei\xf1',12465933,,8603931,0x21C30d17D9e61Ce139DFd2A3d167C5752246b938,587621,b'@\x00\x00\x00 \x00\x00\x00\x00\x00\x00\x00\x00\x00\x00 \x00\x00\x00\x00\x00\x10@\x00\x00\x00\x00\x00\x00\x00\x00\x00\x00\x00\x00\x00\x00\x00\x80\x00\x00\x00\x00\x00\x00\x00\x08\x00\x00\x00\x00\x00\x00\x00\x00\x00\x00\x00\x00\x00\x00\x04\x00\x00\x00\x00\x00\x00\x00\x00\x00\x02\x00\x00\x00\x08\x00\x00\x00\x00\x00\x00\x00\x00\x00\x00\x00\x00\x00\x00\x00\x00\x00\x00\x00\x00\x00\x00\x00\x00\x00\x00\x00\x00\x00\x00\x00\x00\x00\x00\x00\x00\x00\x00\x00\x00\x00\x00\x00\x00\x00\x00\x00\x10\x00\x00\x00\x00\x00\x00\x00\x10\x00\x00\x00\x00\x00\x00\x00\x00\x00 \x00\x00\x00\x00\x00\x00\x00 \x00\x00\x00\x00\x00\x00\x00\x00\x00\x80\x00\x02\x00\x00\x00\x00\x00\x00@\x00\x00\x00\x00\x02\x00\x00\x00\x00\x00\x00\x00\x00\x00\x01\x00\x00\x00\x00\x00\x00\x00\x00\x00\x00\x00\x02\x00\x00\x00\x00\x00\x00\x00\x00\x00\x00\x00\x00\x00\x00\x00\x00\x00\x00\x00\x00\x00\x00\x00\x00\x10\x00\x00\x00\x00\x00\x00\x00\x01\x00\x00\x00\x00\x00\x00\x00\x00\x80\x00\x00\x00 \x00\x00\x00\x00\x00\x00\x00@\x00\x00 \x00\x00\x80',1,0x70e36f6BF80a52b3B46b3aF8e106CC0ed743E8e4,b'p \xde\xf8\xd0b\xff\x16\x01\xf5\xe0\xde\xed/\xfa\xba\xfc\xa2x+\x00t\x92\x19\\\xcb\xfe?\xeao\xc6\x8a',94,0x0
0,0x41fA28CA6d17AeF97D641AA230e57243b10AFcD4,138901638195698500000,571690123129319191186,75980268136612394770686,b'\x1e\x13\xa7\xa7M\xdd\x1em\x89\xf1nK\x81\xa4ulK\xf0\xfa\xectTg@$\xd7 \xc9\x86\xe0\x94\xea',12465917,,4947568,0x41fA28CA6d17AeF97D641AA230e57243b10AFcD4,585822,b'@\x00\x00\x00 \x00\x00\x00\x00\x00\x00\x00\x00\x00\x00 \x00\x00\x00\x00\x00\x10@\x00\x00\x00\x00\x00\x00\x10\x00\x00\x00\x00\x00\x00\x00\x00\x80\x00\x00\x00\x00\x00\x00\x00\x08\x00\x00\x00\x00\x00\x00\x00\x00\x00\x00\x00\x00\x00\x00\x04\x00\x00\x00\x00\x00\x00\x00\x00\x00\x02\x00\x00\x00\x08\x00\x00\x00\x00\x00\x00\x00\x00\x00\x00\x00\x00\x00\x00\x00\x00\x00\x00\x00\x00\x00\x00\x00\x00\x00\x00\x00\x00\x00\x00\x00\x00\x00\x00\x00\x00\x00\x00\x00\x00\x00\x00\x00\x00\x00\x00\x00\x10\x00\x00\x00\x00\x00\x00\x00\x10\x00\x00\x00\x00\x00 \x00\x00\x00 \x00\x00\x00\x00\x00\x00\x00 \x00\x00\x00\x00\x00\x00\x00\x00\x00\x80\x00\x02\x00\x00\x00\x00\x00\x00@\x00\x00\x00\x00\x02\x00\x00\x00\x00\x00\x00\x00\x00\x00\x01\x00\x00\x00\x00\x00\x00\x00\x00\x00\x00\x00\x02\x00\x00\x00\x00\x00\x00\x00\x00\x00\x00\x00\x00\x00\x00\x00\x00\x00\x04\x00\x00\x00\x00\x00\x00\x10\x00\x00\x00\x00\x00\x00\x00\x01\x00\x00\x00\x00\x00\x00\x00\x00\x80\x00\x00\x00 \x00\x00\x00\x00\x00\x00\x00\x00\x00\x00\x00\x00\x00\x00',1,0x70e36f6BF80a52b3B46b3aF8e106CC0ed743E8e4,"b'\xf9\x101\xef>\x1d\xf5\\SZZR\x82u\x8c\xc2:\xb0\x81""L\xf50C(\x14dQ\x11\x00\x9co'",62,0x0
0,0x41fA28CA6d17AeF97D641AA230e57243b10AFcD4,300000000000000000000,432788321331223558765,75841337828916945456452,"b'\x84\x9ew;`W\x82\xedW\xb6w\x11\x1e\xca\x9f\xfd\x1b,w\xbd\x1f\x81+\xbb\x19=o\xf0\t1/w'",12465903,,4783801,0x41fA28CA6d17AeF97D641AA230e57243b10AFcD4,619998,b'@\x00\x00\x00 \x00\x00\x00\x00\x00\x00\x00\x00\x00\x00 \x00\x00\x00\x00\x00\x10@\x00\x00\x00\x00\x00\x00\x10\x00\x00\x00\x00\x00\x00\x00\x00\x80\x00\x00\x00\x00\x00\x00\x00\x08\x00\x00\x00\x00\x00\x00\x00\x00\x00\x00\x00\x00\x00\x00\x04\x00\x00\x00\x00\x00\x00\x00\x00\x00\x02\x00\x00\x00\x08\x00\x00\x00\x00\x00\x00\x00\x00\x00\x00\x00\x00\x00\x00\x00\x00\x00\x00\x00\x00\x00\x00\x00\x00\x00\x00\x00\x00\x00\x00\x00\x00\x00\x00\x00\x00\x00\x00\x00\x00\x00\x00\x00\x00\x00\x00\x00\x10\x00\x00\x00\x00\x00\x00\x00\x10\x00\x00\x00\x00\x00 \x00\x00\x00 \x00\x00\x00\x00\x00\x00\x00 \x00\x00\x00\x00\x00\x00\x00\x00\x00\x80\x00\x02\x00\x00\x00\x00\x00\x00@\x00\x00\x00\x00\x02\x00\x00\x00\x00\x00\x00\x00\x00\x00\x01\x00\x00\x00\x00\x00\x00\x00\x00\x00\x00\x00\x02\x00\x00\x00\x00\x00\x00\x00\x00\x00\x00\x00\x00\x00\x00\x00\x00\x00\x04\x00\x00\x00\x00\x00\x00\x10\x00\x00\x00\x00\x00\x00\x00\x01\x00\x00\x00\x00\x00\x00\x00\x00\x80\x00\x00\x00 \x00\x00\x00\x00\x00\x00\x00\x00\x00\x00\x00\x00\x00\x00',1,0x70e36f6BF80a52b3B46b3aF8e106CC0ed743E8e4,b'B\x06o\xc2D\xae\xaa\xc4\xe73\x8c\x17V\x7f\xb1\xf7h\xa1\xc6\xfc\x14\xe8\xc5y\xe7>\xc5\xcf\x89kM\xba',48,0x0
0,0x21C30d17D9e61Ce139DFd2A3d167C5752246b938,183000000000000000000,183000000000000000000,90749491862483294315319,"b'wi\xf9\xa4\xbb\x11}u\xc8\x84\x8f\xc1z*\xa5\xcc\x91\xcc_<`\xf1,G\x8e8W\x8f\xd2O\x00h'",12447784,,9803324,0x21C30d17D9e61Ce139DFd2A3d167C5752246b938,616921,b'@\x00\x00\x00 \x00\x00\x00\x00\x00\x00\x00\x00\x00\x00 \x00\x00\x00\x00\x00\x10@\x00\x00\x00\x00\x00\x00\x00\x00\x00\x00\x00\x00\x00\x00\x00\x80\x00\x00\x00\x00\x00\x00\x00\x08\x00\x00\x00\x00\x00\x00\x00\x00\x00\x00\x00\x00\x00\x00\x04\x00\x00\x00\x00\x00\x00\x00\x00\x00\x02\x00\x00\x00\x08\x00\x00\x00\x00\x00\x00\x00\x00\x00\x00\x00\x00\x00\x00\x00\x00\x00\x00\x00\x00\x00\x00\x00\x00\x00\x00\x00\x00\x00\x00\x00\x00\x00\x00\x00\x00\x00\x00\x00\x00\x00\x00\x00\x00\x00\x00\x00\x10\x00\x00\x00\x00\x00\x00\x00\x10\x00\x00\x00\x00\x00\x00\x00\x00\x00 \x00\x00\x00\x00\x00\x00\x00 \x00\x00\x00\x00\x00\x00\x00\x00\x00\x80\x00\x02\x00\x00\x00\x00\x00\x00@\x00\x00\x00\x00\x02\x00\x00\x00\x00\x00\x00\x00\x00\x00\x01\x00\x00\x00\x00\x00\x00\x00\x00\x00\x00\x00\x02\x00\x00\x00\x00\x00\x00\x00\x00\x00\x00\x00\x00\x00\x00\x00\x00\x00\x00\x00\x00\x00\x00\x00\x00\x10\x00\x00\x00\x00\x00\x00\x00\x01\x00\x00\x00\x00\x00\x00\x00\x00\x80\x00\x00\x00 \x00\x00\x00\x00\x00\x00\x00@\x00\x00 \x00\x00\x80',1,0x70e36f6BF80a52b3B46b3aF8e106CC0ed743E8e4,b'p\xf8\xde\x13\xb0\x028tT\xc7\x18\x06\x03\xe1>\xed\x91\xb9\xe8\xc5\xacH\xb3\x83So\xa5\xdfX\xb8\xd9\r',167,0x0
0,0x64766A072821dd9812dA18C917F421edf9003eC2,6000000000000000000,15004690100000328234,90561436978724996135484,b'\xcf\xc7\x82Q\x9d\t6\xa6\xa1g\x8f\xd4\x90\x1aQ8\xf0\xaf%\xb8p\x83\x0b\xf6\xe3\x19q/A\xee \xb1',12446017,,11218917,0x64766A072821dd9812dA18C917F421edf9003eC2,274167,b'@\x00\x00\x00 \x00\x00\x00\x00\x00\x00\x00\x00\x00\x00 \x00\x00\x00\x00\x00\x10@\x00\x00\x00\x00\x00\x00\x00\x00\x00\x00\x00\x00\x00\x00\x00\x80\x00\x00\x00\x00\x00\x00\x00\x08\x00\x00\x00\x00\x00\x00\x00\x00\x00\x00\x00\x00\x00\x00\x04\x00\x00\x00\x00\x00\x00\x00\x00\x00\x02\x00\x00\x00\x08\x00\x00\x00\x00\x00\x00\x00\x00\x00\x00\x00\x00\x00\x00\x00\x00\x00\x00\x00\x00\x00\x00\x00\x00\x00\x00 \x00\x00\x00\x00\x00\x00\x00\x00\x00\x00\x00\x00\x00\x00\x00\x00\x00\x00\x00\x00\x10\x00\x00\x00\x00\x00\x00\x00\x10\x00\x00\x00\x00\x00\x00\x00\x00\x00 \x00\x00\x00\x00\x00\x00\x00 \x00\x00\x00\x00\x00\x00\x00\x00\x00\x80\x00\x02\x00\x00\x00\x00\x00\x00@\x00\x00\x00\x00\x02\x00\x00\x00\x00\x00\x00\x00\x00\x00\x01\x00\x00\x00\x00\x00\x00\x00\x00\x00\x00\x00\x02\x80\x00\x00\x00\x00\x00\x00\x00\x00\x00\x00\x00\x00\x00\x00\x00\x00\x00\x00\x00\x00\x00\x00\x00\x10\x00\x00\x00\x00\x00\x00\x00\x01\x00\x00\x00\x00\x00\x00\x00\x00\x80\x00\x00\x00 \x00\x00\x00\x00\x00\x00\x01\x00\x00\x00\x00\x00\x00\x00',1,0x70e36f6BF80a52b3B46b3aF8e106CC0ed743E8e4,b'\xfeJ\x13\xf7\xc0\xc78#i\xf1\xbb\n\xacPE\x01!\x12\xe1\xa1\xa96B\xd1\xa1bl\xb5uN\xf1\x92',171,0x0
0,0x3DdfA8eC3052539b6C9549F12cEA2C295cfF5296,2500000000000000000000,32376584505119174508031,90552452794061888181811,b'\x10j\xdenH\xf9\x10i\x83\x7f\x9a\xa7\xa6\x8f\x9e\xc39\xfa\x16\xa2\x8f\x11\xfe\\\x87(\xb9\xd4\xa5_\xb1\x1b',12444974,,4679655,0x3DdfA8eC3052539b6C9549F12cEA2C295cfF5296,310009,b'@\x00\x00\x00 \x00\x00\x00\x00\x00\x00\x00\x00\x00\x00 \x00\x00\x00\x00\x00\x10D\x00\x00\x00\x00\x00\x00\x00\x00\x00\x00\x00\x00\x00\x00\x00\x82\x00\x00\x00\x00\x00\x00\x00\x08\x00\x00\x00\x00\x00\x00\x00\x00\x00@\x00\x00\x00\x00\x04\x00\x00\x00\x00\x00\x00\x00\x00\x00\x02\x00\x00\x00\x08\x00\x00\x00\x00\x00\x00\x00\x00\x00\x00\x00\x00\x00\x00\x00\x00\x00\x00\x00\x00\x00\x00\x00\x00\x00\x00\x00\x00\x00@\x00\x00\x00\x00\x00\x00\x00\x00\x00\x00\x00\x00\x00\x00\x00\x00\x01\x10\x00\x00\x00\x00\x00\x00\x00\x10\x00\x00\x00\x00\x00\x00\x00\x00\x00 \x00\x00\x00\x00\x00\x00\x00 \x00\x00\x00\x00\x00\x00\x00\x00\x00\x80\x04\x02\x00\x00\x00\x00\x00\x00@\x00\x00\x00\x00\x02\x00\x00\x00\x00\x00\x00\x00\x00\x00\x01\x00\x00\x00\x00\x00\x00\x00\x00\x00\x00\x00\x02\x00\x00\x00\x00\x00\x00\x00\x00\x00\x00\x00\x00\x00\x00\x00\x00\x00\x00\x00\x00\x00\x00\x00\x00\x10\x00\x00\x00\x00\x00\x00\x00\x01\x00\x00\x00\x00\x00\x00\x00\x00\x80\x00\x00\x00 \x00\x00\x00\x00\x00\x00\x00\x00\x00\x00\x00\x00\x00\x00',1,0x70e36f6BF80a52b3B46b3aF8e106CC0ed743E8e4,"b'\xc6\xd7T\xee\t\xd1D\xaa\x80\x04\x88\xd9o\x97s"")Q\x01+\\\x95\x1d\xb8)\x15.k\x10\xc9e\xf6'",99,0x0
0,0xFE1679F48012F2112d04AfD08efA41D032e4e742,15000000000000000000,15000000000000000000,88051279785107992057418,b'c\xc8a\xd3O\xb7lj\xfb\xe8\xd8>75\x02\xe4\xd4\x17\xa1\xa8l\x92\t\xd3\xb7\xf8\x1e\xef\x01u\x89\x8f',12444544,,13858901,0xFE1679F48012F2112d04AfD08efA41D032e4e742,350312,b'\x00\x00\x00\x00 \x00\x00\x00\x00\x00\x00\x00\x00\x00\x00 \x00\x00\x00\x00\x00\x00@\x00\x00\x00\x00\x00\x00\x00\x00\x00\x00\x00\x00\x00\x00\x00\x80\x00\x00\x00\x00\x00\x00\x00\x08\x00\x00\x00\x00\x00\x01\x00\x00\x01\x00\x00\x00\x00\x00\x04\x00\x00\x00\x00\x00\x00\x00\x00\x00\x06\x00\x00\x00\x08\x00\x00\x00\x00\x00\x00\x00\x00\x00\x00\x00\x00\x00\x00\x00\x00\x00\x00\x00\x00\x00\x00\x00\x00\x00\x00\x00\x00\x00\x00\x00\x00\x00\x00\x00\x00\x00\x00\x00\x00\x00\x10\x00\x00\x00\x00\x00\x10\x00\x00\x00\x00\x00@\x00\x10\x00\x00\x00\x00\x00\x00\x00\x00\x00 \x00\x00\x00\x00\x00\x00\x00 \x00\x00\x00\x00\x00\x00\x00\x00\x00\x80\x00\x02\x00\x00\x00\x00\x00\x00@\x00\x00\x00\x00\x02\x00\x00\x00\x00\x00\x00\x00\x00\x00\x00\x00\x00\x00\x00\x00\x00\x00\x00\x00\x00\x00\x02\x00\x00\x00\x00\x00\x00\x00\x00\x00\x00\x00\x00\x00\x00\x00\x00\x00\x00\x00\x00\x00\x00\x00\x00\x10\x00\x00\x00\x00\x00\x00\x00\x01\x00\x00\x00\x00\x00\x00\x00\x00\x80\x00\x00\x00 \x00\x00\x00\x00\x00\x00\x00\x00\x00\x00\x00\x00\x00\x00',1,0x70e36f6BF80a52b3B46b3aF8e106CC0ed743E8e4,"b'\xc3\xb6C\xd9\xfc\xfe\x12\xacq\x04\x14\xfb\x04,\xf6\x97\xc1*\xff\xbeX\x8fX\x8f\xebp\x10#\x17,l@'",200,0x0
0,0xce2d9000D60cb03f6008446b12d4BcB91e2756Bb,79759422897357700000,592106820925983887527,88035374289019861756090,b'\xff]\x92\xd7(\x89\x96\xfa\xea%\xd9\x90\x8c\\\x92\xbe\xba\xe1\xe6\x99j\x83\xe3\xe6A\xe6\xc9W0Db\xa4',12444212,,9154328,0xce2d9000D60cb03f6008446b12d4BcB91e2756Bb,341838,b'@\x00\x00\x00 \x00\x00\x00\x00\x00\x00\x00\x00\x00\x00 \x00\x00\x00\x00\x00\x10@\x00\x00\x00\x00\x00\x00\x00\x00\x00\x00\x00\x00\x00\x00\x00\x80\x00\x00\x00\x00\x00\x00\x00\x08\x00\x00\x00\x00\x00\x00\x00\x00\x00\x00\x00\x00\x00\x00\x04\x00\x00\x00\x00\x00\x00\x00\x00\x00\x02\x00\x00\x00\x08\x00\x00\x00\x00\x00\x00\x00\x00\x00\x00\x00\x00\x00\x00\x00\x00\x00\x00\x00\x00\x02\x00\x00\x00\x00\x00\x00\x00\x00\x00\x00\x00\x00\x00\x00\x00\x00\x00\x00\x00\x00\x00\x00\x00\x00\x00\x00\x10\x00\x00\x00\x00\x00\x00\x00\x10\x00\x00\x00\x00\x00\x00\x00\x00\x00 \x00\x00\x00\x00\x00\x00\x00 \x00\x00\x00\x00\x00\x00\x00\x00\x00\x80\x00\x02\x00\x00@\x00\x00\x00@\x00\x00\x00\x00\x02\x00\x00\x00\x00\x00\x00\x00\x00\x00\x01\x00\x00\x00\x00\x00\x00\x00\x00\x00\x00\x00\x02\x00\x00\x00\x00\x00\x00\x00\x00\x00\x00\x00\x00\x00\x00\x00\x00\x00\x00\x00\x00\x00\x00\x00\x00\x10\x00\x00\x00\x00\x00\x00\x00\x01\x00\x00\x00\x00\x00\x00\x00\x00\x80\x00\x00\x00 \x00\x00\x00\x00\x00\x00\x02\x00\x00\x00\x00\x00\x00\x00',1,0x70e36f6BF80a52b3B46b3aF8e106CC0ed743E8e4,b'`[Ih\x12\x07[\xc3\xc3g\xa6\x03m\xab-Y\x08\xdb\x88B\xae\xcf\xdc\x8f\xa3\xf2\x1e\xcdj\x93\x95[',150,0x0
0,0xce2d9000D60cb03f6008446b12d4BcB91e2756Bb,166166373032568630000,512346557174307783987,87955470515123801510069,b'V\xd5\xab\x84N\xa3\x82\x8e \x0f\xa4\x01\x85\x1c\x0e\xf9k\x8c @\x8c~\xff71{\xc9\xbcl\x93\xb9\xfb',12444159,,9661964,0xce2d9000D60cb03f6008446b12d4BcB91e2756Bb,341838,b'@\x00\x00\x00 \x00\x00\x00\x00\x00\x00\x00\x00\x00\x00 \x00\x00\x00\x00\x00\x10@\x00\x00\x00\x00\x00\x00\x00\x00\x00\x00\x00\x00\x00\x00\x00\x80\x00\x00\x00\x00\x00\x00\x00\x08\x00\x00\x00\x00\x00\x00\x00\x00\x00\x00\x00\x00\x00\x00\x04\x00\x00\x00\x00\x00\x00\x00\x00\x00\x02\x00\x00\x00\x08\x00\x00\x00\x00\x00\x00\x00\x00\x00\x00\x00\x00\x00\x00\x00\x00\x00\x00\x00\x00\x02\x00\x00\x00\x00\x00\x00\x00\x00\x00\x00\x00\x00\x00\x00\x00\x00\x00\x00\x00\x00\x00\x00\x00\x00\x00\x00\x10\x00\x00\x00\x00\x00\x00\x00\x10\x00\x00\x00\x00\x00\x00\x00\x00\x00 \x00\x00\x00\x00\x00\x00\x00 \x00\x00\x00\x00\x00\x00\x00\x00\x00\x80\x00\x02\x00\x00@\x00\x00\x00@\x00\x00\x00\x00\x02\x00\x00\x00\x00\x00\x00\x00\x00\x00\x01\x00\x00\x00\x00\x00\x00\x00\x00\x00\x00\x00\x02\x00\x00\x00\x00\x00\x00\x00\x00\x00\x00\x00\x00\x00\x00\x00\x00\x00\x00\x00\x00\x00\x00\x00\x00\x10\x00\x00\x00\x00\x00\x00\x00\x01\x00\x00\x00\x00\x00\x00\x00\x00\x80\x00\x00\x00 \x00\x00\x00\x00\x00\x00\x02\x00\x00\x00\x00\x00\x00\x00',1,0x70e36f6BF80a52b3B46b3aF8e106CC0ed743E8e4,"b'\rx\xa1\xf9\x12\x1e\x98\xb0?X\xb5\xb6\x14\xe5\xa3\x1d""T_\x99\xc1*f\xa1~O\xe9\xeb\xb7\x96\xb2\x93'",146,0x0
0,0xce2d9000D60cb03f6008446b12d4BcB91e2756Bb,346180012778799550000,346180012778799550000,87789260685435096111033,"b'\x0bH\\\n\xf3c&\x05\xae~\xb7M\x8c\xd1U\xb3\x8ag,\xddC\xd7/\x02\x99\xdc\x83\xc7l\x1a\rm'",12444143,,8129330,0xce2d9000D60cb03f6008446b12d4BcB91e2756Bb,376976,b'\x00\x00\x00\x00 \x00\x00\x00\x00\x00\x00\x00\x00\x00\x00\x00\x00\x00\x00\x00\x00\x00@\x00\x00\x00\x00\x00\x00\x00\x00\x00\x00\x00\x00\x00\x00\x00\x80\x00\x00\x00\x00\x00\x00\x00\x08\x00\x00\x00\x00\x00\x00\x00\x00\x00\x00\x00\x00\x00\x00\x04\x00\x00\x00\x00\x00\x00\x00\x00\x00\x02\x00\x00\x00\x08\x00\x00\x00\x00\x00\x00\x00\x00\x00\x00\x00\x00\x00\x00\x00\x00\x00\x00\x00\x00\x02\x00\x00\x00\x00\x00\x00\x00\x00\x00\x00\x00\x00\x00\x00\x00\x00\x00\x00\x00\x00\x00\x00\x00\x00\x00\x00\x10\x00\x00\x00\x00\x00\x00\x00\x10\x00\x00\x00\x00\x00\x00\x00\x00\x00 \x00\x00\x00\x00\x00\x00\x00\x00\x00\x00\x00\x00\x00\x00\x00\x00\x00\x80\x00\x00\x00\x00@\x00\x00\x00@\x00\x00\x00\x00\x02\x00\x00\x00\x00\x00\x00\x00\x00\x00\x00\x00\x00\x00\x00\x00\x00\x00\x00\x00\x00\x00\x02\x00\x00\x00\x00\x00\x00\x00\x00\x00\x00\x00\x00\x00\x00\x00\x00\x00\x00\x00\x00\x00\x00\x00\x00\x10\x00\x00\x00\x00\x00\x00\x00\x01\x00\x00\x00\x00\x00\x00\x00\x00\x80\x00\x00\x00 \x00\x00\x00\x00\x00\x00\x02\x00\x00\x00\x00\x00\x00\x00',1,0x70e36f6BF80a52b3B46b3aF8e106CC0ed743E8e4,b'\xe6@T0\xffG\x1a\x94\xdel\xb3c{\x19\xebsk\xbcI_\xd2\x0f\xd0\xd1t\x94\xa7\xa1\xe6\x19!\xee',82,0x0
0,0x88Eb1Ab11DC5E3e6e67c84F4EC5Ba30e16D9B238,10152904353999773000,171835257315164380422,87442694764466917239034,b'\xfa[N\xd1\x19\x8e\xb1O\xea\t\xc1\x026\xe9\xcc\xa5\xde\xfa}\xe9\x97\x1c\x15\x83\x19\xedM\xdb\xfa\xfaa\xdd',12444000,,12540309,0x88Eb1Ab11DC5E3e6e67c84F4EC5Ba30e16D9B238,378835,b'@\x00\x00\x00 \x00\x00\x00\x00\x00\x00\x00\x00\x00\x00 \x00\x00\x00\x00\x00\x10@\x00\x00\x00\x00\x00\x00\x00\x00\x00\x00\x00\x00\x00\x00\x00\x80\x00\x00\x00\x00\x00\x00\x00\x08\x00\x00\x00\x00\x00\x00\x00\x00\x00\x00\x00\x00\x00\x00\x04\x00\x00\x00\x00\x00\x00\x00\x00\x00\x02\x00\x00\x00\x08\x00\x00\x00\x00\x00\x00\x00\x00\x00\x00\x00\x00\x00\x00\x00\x80\x00\x00\x00\x00\x00\x00\x00\x00\x00\x00\x00\x00\x00\x00\x00\x00\x00\x00\x04\x00\x00\x00\x00\x00\x00\x00\x00\x00\x00\x00\x00\x10\x00\x00\x00\x00\x00\x00\x00\x10\x00\x00\x00\x00\x00\x00\x00\x00\x00 \x00\x00\x00\x00\x00\x00\x00 \x00\x00\x00\x00\x00\x00\x00\x00\x00\x80\x00\x02\x00\x00\x00\x00\x00\x00@\x00\x00\x00\x00\x02\x00\x00\x00\x00\x00\x00\x00\x00\x00\x01\x00\x00\x00\x00\x00\x00 \x00\x00\x00\x00\x02\x00\x00\x00\x00\x00\x00\x00\x00\x00\x00\x00\x00\x00\x00\x00\x00\x00\x00\x00\x00\x00\x00\x00\x00\x10\x00\x00\x00\x00\x00\x00\x00\x01\x00\x00\x00\x00\x00\x00\x00\x00\x80\x00\x00\x00 \x00\x00\x00\x00\x00\x00\x00\x00\x00\x00\x00\x00\x00\x00',1,0x70e36f6BF80a52b3B46b3aF8e106CC0ed743E8e4,b'Hx\xcb9\xb7\xc8\x82e\xcf3\x04\xe0\xe3\xc0e|?\xb0l\x1c\xba\xefxAGp\xcf\xd5\n\xf5\x82\x02',114,0x0
0,0x88Eb1Ab11DC5E3e6e67c84F4EC5Ba30e16D9B238,21152205492999908000,161681459821320525519,87432058879222458627645,b'>\x16S\xd3\xf8\xbe\xdc.r2\xbad\x06\x00uF\x02\xb1\xb7O\xad%\xe7\x06r\xa5\xe6\xbcc\xd7?E',12443821,,11535120,0x88Eb1Ab11DC5E3e6e67c84F4EC5Ba30e16D9B238,378847,b'@\x00\x00\x00 \x00\x00\x00\x00\x00\x00\x00\x00\x00\x00 \x00\x00\x00\x00\x00\x10@\x00\x00\x00\x00\x00\x00\x00\x00\x00\x00\x00\x00\x00\x00\x00\x80\x00\x00\x00\x00\x00\x00\x00\x08\x00\x00\x00\x00\x00\x00\x00\x00\x00\x00\x00\x00\x00\x00\x04\x00\x00\x00\x00\x00\x00\x00\x00\x00\x02\x00\x00\x00\x08\x00\x00\x00\x00\x00\x00\x00\x00\x00\x00\x00\x00\x00\x00\x00\x80\x00\x00\x00\x00\x00\x00\x00\x00\x00\x00\x00\x00\x00\x00\x00\x00\x00\x00\x04\x00\x00\x00\x00\x00\x00\x00\x00\x00\x00\x00\x00\x10\x00\x00\x00\x00\x00\x00\x00\x10\x00\x00\x00\x00\x00\x00\x00\x00\x00 \x00\x00\x00\x00\x00\x00\x00 \x00\x00\x00\x00\x00\x00\x00\x00\x00\x80\x00\x02\x00\x00\x00\x00\x00\x00@\x00\x00\x00\x00\x02\x00\x00\x00\x00\x00\x00\x00\x00\x00\x01\x00\x00\x00\x00\x00\x00 \x00\x00\x00\x00\x02\x00\x00\x00\x00\x00\x00\x00\x00\x00\x00\x00\x00\x00\x00\x00\x00\x00\x00\x00\x00\x00\x00\x00\x00\x10\x00\x00\x00\x00\x00\x00\x00\x01\x00\x00\x00\x00\x00\x00\x00\x00\x80\x00\x00\x00 \x00\x00\x00\x00\x00\x00\x00\x00\x00\x00\x00\x00\x00\x00',1,0x70e36f6BF80a52b3B46b3aF8e106CC0ed743E8e4,"b':d`[\xea>\xec\x8f\xfb\xd13<\x07W\xd3\xd4\xae\x02]\xbe\x92t\xaeG\x12,\xfe\x93\x7fG\xb6\xde'",114,0x0
0,0x88Eb1Ab11DC5E3e6e67c84F4EC5Ba30e16D9B238,44068935575757415000,140528465141015466888,87410415789619894760482,b'\x14\xdfN\xe8b\x14<\xf9v\xb5bO\xabIOm:6\x1eP\x896\xa4\xb0\xa1\x14\xb7\x08m\xba\xbf\xea',12443639,,12915232,0x88Eb1Ab11DC5E3e6e67c84F4EC5Ba30e16D9B238,378847,b'@\x00\x00\x00 \x00\x00\x00\x00\x00\x00\x00\x00\x00\x00 \x00\x00\x00\x00\x00\x10@\x00\x00\x00\x00\x00\x00\x00\x00\x00\x00\x00\x00\x00\x00\x00\x80\x00\x00\x00\x00\x00\x00\x00\x08\x00\x00\x00\x00\x00\x00\x00\x00\x00\x00\x00\x00\x00\x00\x04\x00\x00\x00\x00\x00\x00\x00\x00\x00\x02\x00\x00\x00\x08\x00\x00\x00\x00\x00\x00\x00\x00\x00\x00\x00\x00\x00\x00\x00\x80\x00\x00\x00\x00\x00\x00\x00\x00\x00\x00\x00\x00\x00\x00\x00\x00\x00\x00\x04\x00\x00\x00\x00\x00\x00\x00\x00\x00\x00\x00\x00\x10\x00\x00\x00\x00\x00\x00\x00\x10\x00\x00\x00\x00\x00\x00\x00\x00\x00 \x00\x00\x00\x00\x00\x00\x00 \x00\x00\x00\x00\x00\x00\x00\x00\x00\x80\x00\x02\x00\x00\x00\x00\x00\x00@\x00\x00\x00\x00\x02\x00\x00\x00\x00\x00\x00\x00\x00\x00\x01\x00\x00\x00\x00\x00\x00 \x00\x00\x00\x00\x02\x00\x00\x00\x00\x00\x00\x00\x00\x00\x00\x00\x00\x00\x00\x00\x00\x00\x00\x00\x00\x00\x00\x00\x00\x10\x00\x00\x00\x00\x00\x00\x00\x01\x00\x00\x00\x00\x00\x00\x00\x00\x80\x00\x00\x00 \x00\x00\x00\x00\x00\x00\x00\x00\x00\x00\x00\x00\x00\x00',1,0x70e36f6BF80a52b3B46b3aF8e106CC0ed743E8e4,b'\x17v\x00Ek\x18G\xf1)r\xff\xc3\xf7\xb3\xf0d\x93/\x99x]{\x98M\xfeR\x9c2\t\xfd\xe0\xf4',113,0x0
0,0x88Eb1Ab11DC5E3e6e67c84F4EC5Ba30e16D9B238,16458802603943262000,96459065388381946704,87365926434847172393799,"b""\x15\xa7v*\x00\xe8\x94\x1b\xf8z\x9e\xfd(\xbc\xbb\x9enMv\xf7\x90('\xd1\xd94\xd4\xdf@dQ\xe2""",12443483,,10842110,0x88Eb1Ab11DC5E3e6e67c84F4EC5Ba30e16D9B238,333817,b'@\x00\x00\x00 \x00\x00\x00\x00\x00\x00\x00\x00\x00\x00 \x00\x00\x00\x00\x00\x10@\x00\x00\x00\x00\x00\x00\x00\x00\x00\x00\x00\x00\x00\x00\x00\x80\x00\x00\x00\x00\x00\x00\x00\x08\x00\x00\x00\x00\x00\x00\x00\x00\x00\x00\x00\x00\x00\x00\x04\x00\x00\x00\x00\x00\x00\x00\x00\x00\x02\x00\x00\x00\x08\x00\x00\x00\x00\x00\x00\x00\x00\x00\x00\x00\x00\x00\x00\x00\x80\x00\x00\x00\x00\x00\x00\x00\x00\x00\x00\x00\x00\x00\x00\x00\x00\x00\x00\x04\x00\x00\x00\x00\x00\x00\x00\x00\x00\x00\x00\x00\x10\x00\x00\x00\x00\x00\x00\x00\x10\x00\x00\x00\x00\x00\x00\x00\x00\x00 \x00\x00\x00\x00\x00\x00\x00 \x00\x00\x00\x00\x00\x00\x00\x00\x00\x80\x00\x02\x00\x00\x00\x00\x00\x00@\x00\x00\x00\x00\x02\x00\x00\x00\x00\x00\x00\x00\x00\x00\x01\x00\x00\x00\x00\x00\x00 \x00\x00\x00\x00\x02\x00\x00\x00\x00\x00\x00\x00\x00\x00\x00\x00\x00\x00\x00\x00\x00\x00\x00\x00\x00\x00\x00\x00\x00\x10\x00\x00\x00\x00\x00\x00\x00\x01\x00\x00\x00\x00\x00\x00\x00\x00\x80\x00\x00\x00 \x00\x00\x00\x00\x00\x00\x00\x00\x00\x00\x00\x00\x00\x00',1,0x70e36f6BF80a52b3B46b3aF8e106CC0ed743E8e4,"b'}\x97\xd2\x8d\x8b\xa8\xed\xa0\x13{9F\xe4WY""g\xe4\x82*\x80\x93\x0c\xd5,MC\xd5e3t\xc3'",139,0x0
0,0x88Eb1Ab11DC5E3e6e67c84F4EC5Ba30e16D9B238,30000000000000000000,80000043175142522730,87349227848592036120339,b'Nr\xaa\xe8_v\xe8\xa3\x98\x18{H\xbe\x9a\xd1\x85\n\x00*H\x0b\x0b\xdcM\xb5\xe9\x83M_\x98\xb2\xa3',12443394,,9242214,0x88Eb1Ab11DC5E3e6e67c84F4EC5Ba30e16D9B238,333805,b'@\x00\x00\x00 \x00\x00\x00\x00\x00\x00\x00\x00\x00\x00 \x00\x00\x00\x00\x00\x10@\x00\x00\x00\x00\x00\x00\x00\x00\x00\x00\x00\x00\x00\x00\x00\x80\x00\x00\x00\x00\x00\x00\x00\x08\x00\x00\x00\x00\x00\x00\x00\x00\x00\x00\x00\x00\x00\x00\x04\x00\x00\x00\x00\x00\x00\x00\x00\x00\x02\x00\x00\x00\x08\x00\x00\x00\x00\x00\x00\x00\x00\x00\x00\x00\x00\x00\x00\x00\x80\x00\x00\x00\x00\x00\x00\x00\x00\x00\x00\x00\x00\x00\x00\x00\x00\x00\x00\x04\x00\x00\x00\x00\x00\x00\x00\x00\x00\x00\x00\x00\x10\x00\x00\x00\x00\x00\x00\x00\x10\x00\x00\x00\x00\x00\x00\x00\x00\x00 \x00\x00\x00\x00\x00\x00\x00 \x00\x00\x00\x00\x00\x00\x00\x00\x00\x80\x00\x02\x00\x00\x00\x00\x00\x00@\x00\x00\x00\x00\x02\x00\x00\x00\x00\x00\x00\x00\x00\x00\x01\x00\x00\x00\x00\x00\x00 \x00\x00\x00\x00\x02\x00\x00\x00\x00\x00\x00\x00\x00\x00\x00\x00\x00\x00\x00\x00\x00\x00\x00\x00\x00\x00\x00\x00\x00\x10\x00\x00\x00\x00\x00\x00\x00\x01\x00\x00\x00\x00\x00\x00\x00\x00\x80\x00\x00\x00 \x00\x00\x00\x00\x00\x00\x00\x00\x00\x00\x00\x00\x00\x00',1,0x70e36f6BF80a52b3B46b3aF8e106CC0ed743E8e4,"b'\n\x95\x0c,}\xa7\x9eG\x01\xbe\x14s\x8b\xf4\xc8E\x1e\xe6\\\x9b[\xd6V\xe6\x00\xc1\xdc:\xeb<\xc7C'",107,0x0
0,0x88Eb1Ab11DC5E3e6e67c84F4EC5Ba30e16D9B238,50000000000000000000,50000000000000000000,87319152448254997637610,b'\xcb\xa2\xef\xdb\x8e`\x82\x7f9jx\xa8\xce\n\xeeAb\xcey\xc1\xaa\xe6\xb6\x91\xd4\xa5\x04\xaeeX\xf9\xb9',12443366,,13376633,0x88Eb1Ab11DC5E3e6e67c84F4EC5Ba30e16D9B238,368943,b'\x00\x00\x00\x00 \x00\x00\x00\x00\x00\x00\x00\x00\x00\x00\x00\x00\x00\x00\x00\x00\x00@\x00\x00\x00\x00\x00\x00\x00\x00\x00\x00\x00\x00\x00\x00\x00\x80\x00\x00\x00\x00\x00\x00\x00\x08\x00\x00\x00\x00\x00\x00\x00\x00\x00\x00\x00\x00\x00\x00\x04\x00\x00\x00\x00\x00\x00\x00\x00\x00\x02\x00\x00\x00\x08\x00\x00\x00\x00\x00\x00\x00\x00\x00\x00\x00\x00\x00\x00\x00\x80\x00\x00\x00\x00\x00\x00\x00\x00\x00\x00\x00\x00\x00\x00\x00\x00\x00\x00\x04\x00\x00\x00\x00\x00\x00\x00\x00\x00\x00\x00\x00\x10\x00\x00\x00\x00\x00\x00\x00\x10\x00\x00\x00\x00\x00\x00\x00\x00\x00 \x00\x00\x00\x00\x00\x00\x00\x00\x00\x00\x00\x00\x00\x00\x00\x00\x00\x80\x00\x00\x00\x00\x00\x00\x00\x00@\x00\x00\x00\x00\x02\x00\x00\x00\x00\x00\x00\x00\x00\x00\x00\x00\x00\x00\x00\x00\x00 \x00\x00\x00\x00\x02\x00\x00\x00\x00\x00\x00\x00\x00\x00\x00\x00\x00\x00\x00\x00\x00\x00\x00\x00\x00\x00\x00\x00\x00\x10\x00\x00\x00\x00\x00\x00\x00\x01\x00\x00\x00\x00\x00\x00\x00\x00\x80\x00\x00\x00 \x00\x00\x00\x00\x00\x00\x00\x00\x00\x00\x00\x00\x00\x00',1,0x70e36f6BF80a52b3B46b3aF8e106CC0ed743E8e4,"b'""\xdf\\\n\\S_\x8d$>\xc5\xd5m\xa4i\x819{\xffE\x19m\x16\x00\xfc.[\xc7\xd7\x1f\x97\x93'",157,0x0
0,0xc871095098488C17aE14Cb898d46da631ad84b59,3000000000000000000,3000000000000000000,87265639411325678501853,"b'\xfb\x17\x92y\x91\x7f\xaf\x88\xa5&\xac\x89\xebT\xba\xca\x85\x11F\xc8r""\x96\xd3\xd1UykbQ\x82\xdb'",12442061,,10743415,0xc871095098488C17aE14Cb898d46da631ad84b59,394758,b'\x00\x00\x00\x00 \x00\x00\x00\x00\x00\x00\x00\x00\x00\x02 \x00\x00\x00\x10\x00\x00@\x00\x00\x00\x00\x00\x00\x00\x00\x00\x00\x00\x00\x00\x00\x00\x80\x00\x00\x00\x00\x00\x00\x00\x08\x00\x00\x00\x00\x00\x01\x00\x00\x01\x00\x00\x00\x00\x00\x04\x00\x00\x00\x00\x00\x00\x00\x00\x00\x02\x00\x00\x00\x08\x00\x00\x00\x00\x00\x00\x00\x00\x00\x00\x00\x00\x00\x00\x00\x00\x00\x00\x00\x00\x00\x00\x00\x00\x00\x00\x00\x00\x00\x00\x00\x00\x00\x00\x00\x00\x00\x00\x00\x00\x00\x10\x00\x00\x00\x00\x00\x10\x00\x00\x00\x00\x00\x00\x00\x10\x00\x00\x00\x00\x00\x00\x00\x00\x00 \x00\x01\x00\x00\x00\x00\x00 \x00\x00\x00\x00\x00\x00\x00\x00\x00\x80\x00\x02\x00\x00\x00\x00\x00\x00@\x00\x00\x00\x00\x02\x00\x00\x00\x00\x00\x00\x00\x00\x00\x00\x00\x00\x00\x00\x00\x00\x00\x00\x00\x00\x00\x02\x00\x00\x00\x00\x00\x00\x00\x00\x00\x00\x00\x00\x00\x00\x00\x00\x00\x00\x00\x00\x00\x00\x00\x00\x10\x00\x00\x00\x00\x00\x00\x00\x01\x00\x00\x00\x00\x00\x00\x00\x00\x80\x00\x00\x00 \x00\x00\x00\x00\x00\x00\x00\x00\x00\x00\x00\x00\x00\x00',1,0x70e36f6BF80a52b3B46b3aF8e106CC0ed743E8e4,"b'\xa9n\xc9\x7f\xbe\x9e&h\x16\xc6\x1b\x070R\x9a\xcfAeC\x90l\x1e;""\xba\x99\x93\x89\xd8\xcd[\x9e'",126,0x0
0,0xc6e963fE6D866A81072C425C4c53f60CfFE09651,111715723148941340000,111715723148941340000,87258572675874095659122,b'0EK\x11<]>\x80\x9eb\xf5\xddw>nG\x1f4\xed\r\x8a\x13\x84\r\xd2\xb4\x9d\xdc\x93\x03\x8d%',12440550,,11745983,0xc6e963fE6D866A81072C425C4c53f60CfFE09651,331006,b'\x00\x00\x00\x00 \x00\x00\x00\x00\x00\x00\x00\x00\x00\x00\x00\x00\x00\x00\x00\x00\x00@\x00\x00\x00\x00\x00\x00\x04\x00\x00\x00\x00\x00\x00\x00\x00\x80\x00\x00\x00\x00\x00\x00\x00\x08\x00\x00\x00\x00\x00\x00\x00\x00\x00\x00\x00\x00\x00\x00\x04\x00\x00\x00\x00\x00\x00\x00\x00\x00\x02\x00\x00\x00\x08\x00\x00\x00\x00\x00\x00\x00\x00\x00\x00\x00\x00\x00\x00\x00\x00\x00\x00\x00\x00\x00\x00\x00\x00\x00\x00\x00\x00\x00\x00\x00\x00\x00\x00\x00\x00\x00\x00\x00\x00\x00\x00\x00\x00\x00\x00\x00\x10\x00\x00\x00\x00\x00\x00\x00\x10\x00\x00\x00\x00\x00\x00\x00\x00\x00 \x00\x00\x00\x00\x00\x00\x00\x00\x00\x00\x00\x00\x00\x00\x00\x00\x00\x80\x00\x00\x00\x00\x00\x00\x00\x00@\x00\x00\x00\x00\x02\x00\x00\x00\x00\x00\x00\x00\x00\x00\x00\x00\x00\x00\x00\x00\x00\x00\x00\x02\x00\x00\x02\x00\x00\x00\x00\x00 \x00\x00\x00\x00\x00\x00\x00\x00\x00\x00\x00\x00\x00\x00\x00\x00\x00\x00\x10\x00\x00\x00\x00\x00\x00\x00\x01\x00\x00\x00\x00\x00\x00\x00\x00\x80\x00\x00\x00 \x00\x00\x00\x00\x00\x00\x00\x00\x00\x00\x00\x00\x00\x00',1,0x70e36f6BF80a52b3B46b3aF8e106CC0ed743E8e4,b'\xf4\xbb\n\x15k\xaah\xb9\xd9\xbdh\xf3`\x0e=\xa0\x06\xa8\x91\xebE_3\x91\x80\x08\xa0E\xeeH]5',118,0x0
0,0x29eB15197a57380725f5A7Dd17A4519d3a09Ec67,2000000000000000000,2000000000000000000,87144995525367437773505,"b""\xfc\xf4\x87n^\n\xcf]X['\xe5\xb1\xe6\x92s\xd7\x98\xf3\x83\x1dr\xb6\x1b\xef\xee\xe8\xc2\xe7\\0\xee""",12439857,,11459711,0x29eB15197a57380725f5A7Dd17A4519d3a09Ec67,350312,b'\x00\x00\x00\x00 \x00\x00\x00\x00\x00\x00\x00\x00\x00\x00 \x00\x00\x00\x00\x00\x00@\x00\x00\x00\x00\x00\x00\x00\x00\x00\x00\x00@\x00\x00\x00\x80\x00\x00\x00\x00\x00\x00\x00\x08\x00\x00\x00\x00\x00\x01\x00\x00\x01\x00\x00\x00\x00\x00\x04\x00\x00\x00\x00\x00\x00\x00\x00\x00\x02\x00\x00\x00\x18\x00\x00\x00\x00\x00\x00\x00\x00\x00\x00\x00\x00\x00\x00\x00\x00\x00\x00\x00\x00\x00\x00\x00\x00\x00\x00\x00\x00\x00\x00\x00\x00\x00\x00\x00\x00\x00\x00\x00\x00\x00\x10\x00\x00\x00\x00\x00\x10\x00\x00\x00\x00\x00\x00\x00\x10\x00\x00\x00\x00\x00\x00\x00\x00\x00 \x00\x00\x00\x00\x00\x00\x00 \x00\x00\x00\x00\x00\x00\x00\x00\x00\x80\x00\x02\x00\x00\x00\x00\x00\x00@\x00\x00\x00\x00\x02\x00\x00\x00\x00\x00\x00\x00\x00\x00\x00\x00\x00\x00\x00\x00\x00\x00\x00\x00\x00\x00\x02\x00\x00\x00\x00\x00\x00\x00\x00\x00\x00\x00\x00\x00\x00\x00\x00\x00\x00\x00\x00\x00\x00\x00\x00\x10\x00\x00\x00\x00\x00\x00\x00\x01\x00\x00\x00\x00\x00\x00\x00\x00\x80\x01\x00\x00 \x00\x00\x00\x00\x00\x00\x00\x00\x00\x00\x00\x00\x00\x00',1,0x70e36f6BF80a52b3B46b3aF8e106CC0ed743E8e4,b'\x8f\xce\x95\x07[\xfe\xe0\x8f\xbd\x9b]@z5\xa0\tjF\xf4<\xa1\xdb\xa9\x83\x91Y\x84\xb9\xae\xf4\x05\xe8',150,0x0
0,0x334a9700E5354E8250fF4fF8b4cB1cE48480FD7b,196194876258698770000,604933791127481687170,87142622179556982438284,b'\xbd\x8bZP\x0fQ\xd6Y\xb0(\xde>\xec\xffH\x93\x02y\xeb\xe9\xfd\xf9\x15\xfa\xe3-y3LB\xc7q',12439718,,1190007,0x334a9700E5354E8250fF4fF8b4cB1cE48480FD7b,269528,b'@\x00\x00\x00 \x00\x00\x00\x00\x00\x00\x00\x00\x00\x00 \x00\x00\x00\x00\x00\x10@\x00\x00\x00\x00\x00\x00\x00\x00\x00\x00\x00\x00\x00\x00\x00\x80\x00\x00\x00\x00\x00\x00\x00\x08\x00\x00\x00\x00\x00\x00\x00\x00\x00\x00\x00\x00\x00\x00\x04\x00\x00\x00\x00\x00\x00\x00\x00\x00\x02\x00\x00\x00\x08\x00\x00\x00\x00\x00\x00\x00\x00\x00\x00\x00\x00\x00\x00\x00\x00\x00\x00\x00\x00\x00\x00\x00\x00\x00\x00\x00\x00\x00\x00\x00\x00\x00\x00\x00\x00\x00\x00\x00\x00\x00\x00\x00\x00\x00\x00\x00\x10\x00\x00\x00\x00\x00\x00\x00\x10\x00\x00\x00\x00\x00\x00\x00\x00\x00 \x00\x00\x00\x00\x00\x00\x00$\x00\x00\x00\x00\x00\x00\x00\x00\x00\x80\x00\x02\x00\x00\x00\x00\x00\x00@\x00\x00\x00\x00\x02\x00\x00\x00\x00\x00\x00\x00\x00\x00\x01\x00\x00\x00\x00\x00\x00\x00\x00\x02\x00\x00\x02\x00\x00\x00\x00\x00\x00\x00\x00\x00\x00\x00\x00\x00\x00\x00\x00\x00\x00\x00\x00\x00\x00\x00\x00\x10\x00\x00\x00\x00\x00\x00\x00\x01\x00\x00\x00\x00\x00\x00\x00\x00\x80\x00\x00\x00 \x00\x00\x00\x00\x00\x00\x00\x00\x00\x00\x00\x00\x00\x00',1,0x70e36f6BF80a52b3B46b3aF8e106CC0ed743E8e4,b'\r\xd6H6\x9f\xf3a=*\xe43fLM\xc2\x94\x81!m\xf3);\xdf\x9aX\xc9\xb4<\x8f\x98\xads',25,0x0
0,0x334a9700E5354E8250fF4fF8b4cB1cE48480FD7b,408738147255855040000,408738147255855040000,86946264017642812812896,"b'\xd4\xb8\x03\xb5w0\xe0e\x12-\xbd#\xe0s\xbf\xc1b\xf5\xb2w\x03\xb0T\xd7k\xa7""\xff\xc6\x1b\x9a\xa6'",12439657,,5209303,0x334a9700E5354E8250fF4fF8b4cB1cE48480FD7b,304604,b'\x00\x00\x00\x00 \x00\x00\x00\x00\x00\x00\x00\x00\x00\x00\x00\x00\x00\x00\x00\x00\x00@\x00\x00\x00\x00\x00\x00\x00\x00\x00\x00\x00\x00\x00\x00\x00\x80\x00\x00\x00\x00\x00\x00\x00\x08\x00\x00\x00\x00\x00\x00\x00\x00\x00\x00\x00\x00\x00\x00\x04\x00\x00\x00\x00\x00\x00\x00\x00\x00\x02\x00\x00\x00\x08\x00\x00\x00\x00\x00\x00\x00\x00\x00\x00\x00\x00\x00\x00\x00\x00\x00\x00\x00\x00\x00\x00\x00\x00\x00\x00\x00\x00\x00\x00\x00\x00\x00\x00\x00\x00\x00\x00\x00\x00\x00\x00\x00\x00\x00\x00\x00\x10\x00\x00\x00\x00\x00\x00\x00\x10\x00\x00\x00\x00\x00\x00\x00\x00\x00 \x00\x00\x00\x00\x00\x00\x00\x04\x00\x00\x00\x00\x00\x00\x00\x00\x00\x80\x00\x02\x00\x00\x00\x00\x00\x00@\x00\x00\x00\x00\x02\x00\x00\x00\x00\x00\x00\x00\x00\x00\x00\x00\x00\x00\x00\x00\x00\x00\x00\x02\x00\x00\x02\x00\x00\x00\x00\x00\x00\x00\x00\x00\x00\x00\x00\x00\x00\x00\x00\x00\x00\x00\x00\x00\x00\x00\x00\x10\x00\x00\x00\x00\x00\x00\x00\x01\x00\x00\x00\x00\x00\x00\x00\x00\x80\x00\x00\x00 \x00\x00\x00\x00\x00\x00\x00\x00\x00\x00\x00\x00\x00\x00',1,0x70e36f6BF80a52b3B46b3aF8e106CC0ed743E8e4,b'eT\x9d\xd9S\xedf\xd0IN\x0f\xdb\x03\xf1\xdb\xacZ\xe7\x15\x88Pj\x17d4 \x8c3\xdb\xbb{A',107,0x0
0,0x3DdfA8eC3052539b6C9549F12cEA2C295cfF5296,860000000000000000000,29863003757606599662184,90748208684231149044675,b'y\xd3\x83\x91\x85\xc2\xce+o\x9c]A\x8d\x97\\\x1c\x8d\x0eA\x9e\x9f\xbb\x1d\xc2\xed\x92N\xad\xa7\xf2\xac\x7f',12430466,,4008917,0x3DdfA8eC3052539b6C9549F12cEA2C295cfF5296,292909,b'@\x00\x00\x00 \x00\x00\x00\x00\x00\x00\x00\x00\x00\x00 \x00\x00\x00\x00\x00\x10D\x00\x00\x00\x00\x00\x00\x00\x00\x00\x00\x00\x00\x00\x00\x00\x82\x00\x00\x00\x00\x00\x00\x00\x08\x00\x00\x00\x00\x00\x00\x00\x00\x00@\x00\x00\x00\x00\x04\x00\x00\x00\x00\x00\x00\x00\x00\x00\x02\x00\x00\x00\x08\x00\x00\x00\x00\x00\x00\x00\x00\x00\x00\x00\x00\x00\x00\x00\x00\x00\x00\x00\x00\x00\x00\x00\x00\x00\x00\x00\x00\x00@\x00\x00\x00\x00\x00\x00\x00\x00\x00\x00\x00\x00\x00\x00\x00\x00\x01\x10\x00\x00\x00\x00\x00\x00\x00\x10\x00\x00\x00\x00\x00\x00\x00\x00\x00 \x00\x00\x00\x00\x00\x00\x00 \x00\x00\x00\x00\x00\x00\x00\x00\x00\x80\x04\x02\x00\x00\x00\x00\x00\x00@\x00\x00\x00\x00\x02\x00\x00\x00\x00\x00\x00\x00\x00\x00\x01\x00\x00\x00\x00\x00\x00\x00\x00\x00\x00\x00\x02\x00\x00\x00\x00\x00\x00\x00\x00\x00\x00\x00\x00\x00\x00\x00\x00\x00\x00\x00\x00\x00\x00\x00\x00\x10\x00\x00\x00\x00\x00\x00\x00\x01\x00\x00\x00\x00\x00\x00\x00\x00\x80\x00\x00\x00 \x00\x00\x00\x00\x00\x00\x00\x00\x00\x00\x00\x00\x00\x00',1,0x70e36f6BF80a52b3B46b3aF8e106CC0ed743E8e4,b'\xd6\x122\xc1\x1a\x02J\x9f\xd4\xc1 Ep\xe7j\x17>\xdc\xe3%.\xaf\xc4U\xd8=\xe6\xd7\x071+\t',76,0x0
0,0x64766A072821dd9812dA18C917F421edf9003eC2,9000000000000000000,9000000000000000000,89955207430423583675652,"b'\x7fZ0(#\xa6\xc3\x1f\xf7\x7f\xc1\xce\xcff\x15\x86\xe6,\x82z\xa1\xbe\xff\xf2\xaa\xc5d\xa9Fu:~'",12429401,,14630655,0x64766A072821dd9812dA18C917F421edf9003eC2,355040,b'\x00\x00\x00\x00 \x00\x00\x00\x00\x00\x00\x00\x00\x00\x00 \x00\x00\x00\x00\x00\x00@\x00\x00\x00\x00\x00\x00\x00\x00\x00\x00\x00\x00\x00\x00\x00\x80\x00\x00\x00\x00\x00\x00\x00\x08\x00\x00\x00\x00\x00\x01\x00\x00\x01\x00\x00\x00\x00\x00\x04\x00\x00\x00\x00\x00\x00\x00\x00\x00\x02\x00\x00\x00\x08\x00\x00\x00\x00\x00\x00\x00\x00\x00\x00\x00\x00\x00\x00\x00\x00\x00\x00\x00\x00\x00\x00\x00\x00\x00\x00 \x00\x00\x00\x00\x00\x00\x00\x00\x00\x00\x00\x00\x00\x00\x10\x00\x00\x00\x00\x00\x10\x00\x00\x00\x00\x00\x00\x00\x10\x00\x00\x00\x00\x00\x00\x00\x00\x00 \x00\x00\x00\x00\x00\x00\x00 \x00\x00\x00\x00\x00\x00\x00\x00\x00\x80\x00\x02\x00\x00\x00\x00\x00\x00@\x00\x00\x00\x00\x02\x00\x00\x00\x00\x00\x00\x00\x00\x00\x00\x00\x00\x00\x00\x00\x00\x00\x00\x00\x00\x00\x02\x80\x00\x00\x00\x00\x00\x00\x00\x00\x00\x00\x00\x00\x00\x00\x00\x00\x00\x00\x00\x00\x00\x00\x00\x10\x00\x00\x00\x00\x00\x00\x00\x01\x00\x00\x00\x00\x00\x00\x00\x00\x80\x00\x00\x00 \x00\x00\x00\x00\x00\x00\x01\x00\x00\x00\x00\x00\x00\x00',1,0x70e36f6BF80a52b3B46b3aF8e106CC0ed743E8e4,"b'\xf9\x1b\xcb\xdc\xf7\x99e\xcfm\x89""\xdf\x0f\xc3\xf7H\xe1\xf1\x15>e-V\x13@\xda\xea\xaa\x12\x95\xf3\xf4'",238,0x0
0,0xA1DE2815F9cbc8e1195710828D635e008A53CB0e,17000000000000000000,20017764572457581805,89869933771610365331466,b'O\x9d\xbc\xcac\x04\x02\xb8\xf4lmx\xe9\xf6\x1d\x10\xb1\x98\xe5\xbb\x8e\x98\x0fBU\x05\xbd}m\x0f\xd8\xb4',12427169,,10448970,0xA1DE2815F9cbc8e1195710828D635e008A53CB0e,285292,b'@\x00\x00\x00 \x00\x00\x00\x00\x00\x00\x00\x00\x00\x00 \x00\x00\x00\x00\x00\x10@\x00\x00\x00\x00\x00\x00\x00\x00\x00\x00\x00\x00\x00\x00\x00\x82\x00\x00\x00\x00\x00\x00\x00\x08\x00\x00\x00\x00\x00\x00\x00\x00\x00\x00\x00\x00\x00\x00\x04\x00\x00\x00\x00\x00\x00\x00\x00\x00\x02\x00\x00\x00\x08\x00\x00\x00\x00\x00\x00\x00\x00\x00\x00\x00\x00\x00\x00\x00\x00\x00\x00\x00\x00\x00\x00\x00\x00\x00\x00\x00\x00\x00@\x00\x00\x00\x00\x00\x00\x00\x00\x00\x00\x00\x00\x00\x00\x00\x00\x00\x10\x00\x00\x00\x00\x00\x00\x00\x10\x00\x00\x00\x00\x00\x00\x00\x00\x00 \x00\x00\x00\x10\x00\x00\x00 \x00\x00\x00\x00\x00\x00\x00\x00\x00\x80\x04\x02\x00\x00\x00\x00\x00\x00@\x00\x00\x00\x00\x02\x00\x00\x00\x00\x00\x00\x00\x00\x00\x01\x00\x00\x00\x00\x00\x00\x00\x00\x00\x00\x00\x02\x00\x00\x00\x00\x00\x00\x00\x00\x00\x00\x00\x00\x00\x00\x00\x00\x00\x00\x00\x00\x00\x00\x00\x00\x10\x00\x00\x00\x00\x00\x00\x00\x01\x00\x00\x00\x00\x00\x00\x00\x00\x80 \x00\x00 \x00\x00\x00\x08\x00\x00\x00\x00\x00\x00\x00\x00\x00\x00',1,0x70e36f6BF80a52b3B46b3aF8e106CC0ed743E8e4,b'K>\xd4\x01\x1bK\xb0\xfa\xe3\x8f\xc4\xf0\xd9\xebv\xa0\xfa*s\xe3\xe1\\\x989\xd2>\x8e\x17C\xd5L\x99',166,0x0
0,0x3DdfA8eC3052539b6C9549F12cEA2C295cfF5296,4000000000000000000000,29000009846126998801949,89852928153271694214954,"b'!)\xc43l\xd2{\x13\x95\xcf\x0e\x058\x15\t\xa6\x9b!\x8f\x84,""\xcak\x134\x82\n\xd76\x02\xa3'",12427167,,2878987,0x3DdfA8eC3052539b6C9549F12cEA2C295cfF5296,277056,b'@\x00\x00\x00 \x00\x00\x00\x00\x00\x00\x00\x00\x00\x00 \x00\x00\x00\x00\x00\x10D\x00\x00\x00\x00\x00\x00\x00\x00\x00\x00\x00\x00\x00\x00\x00\x80\x00\x00\x00\x00\x00\x00\x00\x08\x00\x00\x00\x00\x00\x00\x00\x00\x00@\x00\x00\x00\x00\x04\x00\x00\x00\x00\x00\x00\x00\x00\x00\x02\x00\x00\x00\x08\x00\x00\x00\x00\x00\x00\x00\x00\x00\x00\x00\x00\x00\x00\x00\x00\x00\x00\x00\x00\x00\x00\x00\x00\x00\x00\x00\x00\x00\x00\x00\x00\x00\x00\x00\x00\x00\x00\x00\x00\x00\x00\x00\x00\x00\x00\x01\x10\x00\x00\x00\x00\x00\x00\x00\x10\x00\x00\x00\x00\x00\x00\x00\x00\x00 \x00\x00\x00\x00\x00\x00\x00 \x00\x00\x00\x00\x00\x00\x00\x00\x00\x80\x00\x02\x00\x00\x00\x00\x00\x00@\x00\x00\x00\x00\x02\x00\x00\x00\x00\x00\x00\x00\x00\x00\x01\x00\x00\x00\x00\x00\x00\x00\x00\x00\x00\x00\x02\x00\x00\x00\x00\x00\x00\x00\x00\x00\x00\x00\x00\x00\x00\x00\x00\x00\x00\x00\x00\x00\x00\x00\x00\x10\x00\x00\x00\x00\x00\x00\x00\x01\x00\x00\x00\x00\x00\x00\x00\x00\x80\x00\x00\x00 \x00\x00\x00\x00\x00\x00\x00\x00\x00\x00\x00\x00\x00\x00',1,0x70e36f6BF80a52b3B46b3aF8e106CC0ed743E8e4,b'\xa3\xf5G\xd5\xf0#\xa0f\xbe\x0c\xfa\xb0\xa6|\xea\xdaAf<\xd1\xb6\xf5c\x12\xecFl\xa9\xb3?\x98y',52,0x0
0,0x3DdfA8eC3052539b6C9549F12cEA2C295cfF5296,25000000000000000000000,25000000000000000000000,85852894340531658471802,"b'y\x07\xca\xe6`z\x95\xcfbw\xa3,\xf76\x94\xfc`qU\x11\xfbd\xab\xba\xddA""O\x19>\xe4\xb1'",12427154,,5858216,0x3DdfA8eC3052539b6C9549F12cEA2C295cfF5296,357941,b'\x00\x00\x00\x00 \x00\x00\x00\x00\x00\x00\x00\x00\x00\x00 \x00\x00\x00\x00\x00\x00D\x00\x00\x00\x00\x00\x00\x00\x00\x00\x00\x00\x00\x00\x00\x00\x80\x00\x00\x00\x00\x00\x00\x00\x08\x00\x00\x00\x00\x00\x01\x00\x00\x01@\x00\x00\x00\x00\x04\x00\x00\x00\x00\x00\x00\x00\x00\x00\x02\x00\x00\x00\x08\x00\x00\x00\x00\x00\x00\x00\x00\x00\x00\x00\x00\x00\x00\x00\x00\x00\x00\x00\x00\x00\x00\x00\x00\x00\x00\x00\x00\x00\x00\x00\x00\x00\x00\x00\x00\x00\x00\x00\x00\x00\x10\x00\x00\x00\x00\x01\x10\x00\x00\x00\x00\x00\x00\x00\x10\x00\x00\x00\x00\x00\x00\x00\x00\x00 \x00\x00\x00\x00\x00\x00\x00 \x00\x00\x00\x00\x00\x00\x00\x00\x00\x80\x00\x02\x00\x00\x00\x00\x00\x00@\x00\x00\x00\x00\x02\x00\x00\x00\x00\x00\x00\x00\x00\x00\x00\x00\x00\x00\x00\x00\x00\x00\x00\x00\x00\x00\x02\x00\x00\x00\x00\x00\x00\x00\x00\x00\x00\x00\x00\x00\x00\x00\x00\x00\x00\x00\x00\x00\x00\x00\x00\x10\x00\x00\x00\x00\x00\x00\x00\x01\x00\x00\x00\x00\x00\x00\x00\x00\x80\x00\x00\x00 \x00\x00\x00\x00\x00\x00\x00\x00\x00\x00\x00\x00\x00\x00',1,0x70e36f6BF80a52b3B46b3aF8e106CC0ed743E8e4,b'\xf1\xd7\xa2\x8e_8\xa9\xaf\x83\x82\x9b\x13\x1c)v\x03\xf5\xd7\xac\xc3\xfb\xa5\x8a\x91\xb6x\xdc>\xb6V\xfc\xc9',120,0x0
0,0x996e90d4d81a8677CF95cB987A5EB0d2adE3Aca5,4000000000000000000,6000006903072087200,85854002474207772409766,"b'kY|\x9aK\x8e""x\x01\x85Ta\x92\x85\x18\x1a\x96\xc5\x00\xdc\xaf3\x83p\'y\xfc\xde\xb5\x10\x9e\xe7'",12426406,,3716462,0x996e90d4d81a8677CF95cB987A5EB0d2adE3Aca5,228929,b'@\x00\x00\x00 \x00\x00\x00\x00\x00\x00\x00\x00\x00\x00 \x00\x00\x00\x00\x00\x10@\x00\x00\x00\x00\x00\x00\x00\x00\x00\x00\x00\x00\x00\x00\x80\x80\x00\x00\x00\x00\x00\x00\x00\x08\x00\x00\x00\x00\x00\x00\x00\x00\x00\x00\x00\x00\x04\x00\x04\x00\x00\x00\x00\x00\x00\x00\x00\x00\x02\x00\x00\x00\x08\x00\x00\x00\x00\x00\x00\x00\x00\x00\x00\x00\x00\x00\x00\x00\x00\x00\x00\x00\x00\x00\x00\x00\x00\x00\x00\x00\x00\x00\x00\x00\x00\x00\x00\x00\x80\x00\x00\x00\x00\x00\x00\x00\x00\x00\x00\x00\x10\x00\x00\x00\x00\x00\x00\x00\x10\x00\x00\x00\x00\x00\x00\x00\x00\x00 \x00\x00\x00\x00\x00\x00\x00 \x00\x00\x00\x00\x00\x00\x00\x00\x00\x80\x00\x02\x00\x00\x00\x00\x00\x00@\x00\x00\x00\x00\x02\x00\x00\x00\x00\x00\x00\x00\x00\x00\x01\x00\x00\x00\x00\x00\x00\x00\x00\x00\x00\x00\x02\x00\x00\x00\x00\x00\x00\x00\x00\x00\x00\x00\x00\x00\x00\x00\x00\x00\x00\x00\x00\x00\x00\x00\x00\x10\x00\x00\x00\x00\x00\x00\x00\x01\x00\x00\x00\x00\x00\x00\x00\x00\x80\x00\x00\x00 \x00\x00\x00\x00\x00\x00\x00\x00\x00\x00\x00\x00\x00\x00',1,0x70e36f6BF80a52b3B46b3aF8e106CC0ed743E8e4,b'\xa4\x03o\x03\x07\x10\xc4\x95y\xecfd\xd2\xc9\x93x\xba\xb1;\xcd\x98\xcd\xe0\x8fW\xa1\xe7\xfc\xab\xc6\xaf/',102,0x0
0,0x996e90d4d81a8677CF95cB987A5EB0d2adE3Aca5,2000000000000000000,2000000000000000000,85849706160852625654545,b'\xc7\xcd\x02$\x06\xeb\xd7\xc9\xa1 \x9f[\xed\xf0P\xf2\x9c\x00\x04^\xa6\xf6\xd5^\xbf\xe9\xd9!\xfdJ.\x86',12426288,,5469867,0x996e90d4d81a8677CF95cB987A5EB0d2adE3Aca5,264071,b'\x00\x00\x00\x00 \x00\x00\x00\x00\x00\x00\x00\x00\x00\x00\x00\x00\x00\x00\x00\x00\x00@\x00\x00\x00\x00\x00\x00\x00\x00\x00\x00\x00\x00\x00\x00\x80\x80\x00\x00\x00\x00\x00\x00\x00\x08\x00\x00\x00\x00\x00\x00\x00\x00\x00\x00\x00\x00\x04\x00\x04\x00\x00\x00\x00\x00\x00\x00\x00\x00\x02\x00\x00\x00\x08\x00\x00\x00\x00\x00\x00\x00\x00\x00\x00\x00\x00\x00\x00\x00\x00\x00\x00\x00\x00\x00\x00\x00\x00\x00\x00\x00\x00\x00\x00\x00\x00\x00\x00\x00\x80\x00\x00\x00\x00\x00\x00\x00\x00\x00\x00\x00\x10\x00\x00\x00\x00\x00\x00\x00\x10\x00\x00\x00\x00\x00\x00\x00\x00\x00 \x00\x00\x00\x00\x00\x00\x00\x00\x00\x00\x00\x00\x00\x00\x00\x00\x00\x80\x00\x00\x00\x00\x00\x00\x00\x00@\x00\x00\x00\x00\x02\x00\x00\x00\x00\x00\x00\x00\x00\x00\x00\x00\x00\x00\x00\x00\x00\x00\x00\x00\x00\x00\x02\x00\x00\x00\x00\x00\x00\x00\x00\x00\x00\x00\x00\x00\x00\x00\x00\x00\x00\x00\x00\x00\x00\x00\x00\x10\x00\x00\x00\x00\x00\x00\x00\x01\x00\x00\x00\x00\x00\x00\x00\x00\x80\x00\x00\x00 \x00\x00\x00\x00\x00\x00\x00\x00\x00\x00\x00\x00\x00\x00',1,0x70e36f6BF80a52b3B46b3aF8e106CC0ed743E8e4,b'+\xcf5A\xb1\x00\xa2\x19\xcc\xbb\x1ex\xb1\x8c/\x94\x8f\xdb\x11\xab\xdd\xe09\x9b\xe7\xc0\xc7\x8b\xa9\x1d\xb22',104,0x0
0,0x4C6Ab26aF01b63B0C421F569C569d65BbB2b3a97,250000000000000000000,2506051623914479584231,85847555489005585006565,"b'\xd6\xf9Y\x81\x96\xb1DH\xe0\xa4"";8\xd1\xa3\x13\xf7\x95\x9a{\x01Y\xd0\x14\xc0\x00\xde\xbc\x1f\x1d\x9c,'",12426228,,14164692,0x4C6Ab26aF01b63B0C421F569C569d65BbB2b3a97,536113,b'@\x00\x00\x00 \x00\x00\x00\x00\x00\x00\x00\x00\x00\x00 \x00\x00\x00\x00\x00\x10@\x00\x00\x00\x00\x00\x00\x00\x00\x00\x00\x00\x00\x00\x00\x00\x80\x00\x00\x00\x00\x00\x00\x00\x08\x00\x00\x00\x00\x00\x00\x00\x00\x00\x00\x00\x00\x00\x00\x04\x00\x00\x00\x00\x00\x00\x00\x00\x00\x02\x00\x00\x00\x08\x00\x00\x00\x00\x00\x00\x00\x00\x00\x00\x00\x00\x00\x00\x00\x00\x00\x00\x00\x00\x00\x00\x00\x00\x00\x80\x00\x00\x00\x00\x00\x10\x00\x00\x00\x00\x00\x00\x00\x00\x00\x00\x00\x00\x00\x00\x00\x10\x00\x00\x00\x00\x00\x00\x00\x10\x00\x00\x00\x00\x00\x00\x00\x00\x00 \x00\x00\x00\x00\x00\x00\x00 \x00\x00\x00\x00\x00\x00\x00\x00\x00\x80\x00\x02\x00\x00\x00\x00\x00\x00@\x00\x00\x00\x00\x02\x00\x00\x00\x00\x00\x00\x00\x00\x00\x01\x00\x00\x00\x00\x00\x00\x00\x00\x00\x00\x00\x02\x00\x00\x00\x00\x00\x00\x00\x00\x00\x00\x00\x00\x00\x00\x00\x00\x00\x00\x00\x00\x00\x00\x00\x02\x10\x00\x00\x00\x00\x00\x00\x00\x01\x00\x00\x00\x00\x00\x00\x00\x00\x80\x00\x00\x00 \x00\x00\x00\x00\x00\x00\x00\x00\x00\x00\x00\x00\x00\x00',1,0x70e36f6BF80a52b3B46b3aF8e106CC0ed743E8e4,"b'\xff\xd2\xc1\xbc!\x9d\xa8\x8f\x93\x8f\xb7""\xaa\x83\xc9\x80\xf9I5^#g\xbch\x1a\xaf\x9f\x15\xa4\x00oC'",197,0x0
0,0xA1DE2815F9cbc8e1195710828D635e008A53CB0e,3000000000000000000,3000000000000000000,90749593008621333410223,"b'\x99\x10\xc2d\x9e-h\xe8\x8a\xd1#\t:\x99k\x91\xd4A\x16O\xae""\xf1\x97\xec~\xb6\x07\x0b\x07\xfb\xc5'",12213643,,8869241,0xA1DE2815F9cbc8e1195710828D635e008A53CB0e,336390,b'\x00\x00\x00\x00 \x00\x00\x00\x00\x00\x00\x00\x00\x00\x00 \x00\x00\x00\x00\x00\x00@\x00\x00\x00\x00\x00\x00\x00\x00\x00\x00\x00\x00\x00\x00\x00\x80\x00\x00\x00\x00\x00\x00\x00\x08\x00\x00\x00\x00\x00\x01\x00\x00\x01\x00\x00\x00\x00\x00\x04\x00\x00\x00\x00\x00\x00\x00\x00\x00\x02\x00\x00\x00\x08\x00\x00\x00\x00\x00\x00\x00\x00\x00\x00\x00\x00\x00\x00\x00\x00\x00\x00\x00\x00\x00\x00\x00\x00\x00\x00\x00\x00\x00\x00\x00\x00\x00\x00\x00\x00\x00\x00\x00\x00\x00\x10\x00\x00\x00\x00\x00\x10\x00\x00\x00\x00\x00\x00\x00\x10\x00\x00\x00\x00\x00\x00\x00\x00\x00 \x00\x00\x00\x10\x00\x00\x00 \x00\x00\x00\x00\x00\x00\x00\x00\x00\x80\x00\x02\x00\x00\x00\x00\x00\x00@\x00\x00\x00\x00\x02\x00\x00\x00\x00\x00\x00\x00\x00\x00\x00\x00\x00\x00\x00\x00\x00\x00\x00\x00\x00\x00\x02\x00\x00\x00\x00\x00\x00\x00\x00\x00\x00\x00\x00\x00\x00\x00\x00\x00\x00\x00\x00\x00\x00\x00\x00\x10\x00\x00\x00\x00\x00\x00\x00\x01\x00\x00\x00\x00\x00\x00\x00\x00\x80 \x00\x00 \x00\x00\x00\x08\x00\x00\x00\x00\x00\x00\x00\x00\x00\x00',1,0x70e36f6BF80a52b3B46b3aF8e106CC0ed743E8e4,b'A\xc2\x84\x91~;\xcek\xa3_b\x94+d\x1e\xf3\xa9\xd6\xd6\xd1\xc5-\x0b?\xde\tL\x972J\x14.',93,0x0
