,blockNumber,timestamp_iso8601,timestamp_unixtime,error,info,detail
0,12846107,2021-07-17T19:22:34Z,1626549754,9,46,3
0,12823760,2021-07-14T07:18:17Z,1626247097,9,46,3
0,12823724,2021-07-14T07:11:17Z,1626246677,9,46,3
0,12816942,2021-07-13T05:34:31Z,1626154471,9,45,3
0,12804311,2021-07-11T06:06:17Z,1625983577,3,40,4
0,12802682,2021-07-10T23:55:11Z,1625961311,9,46,3
0,12794659,2021-07-09T18:06:10Z,1625853970,9,46,3
0,12793177,2021-07-09T12:34:45Z,1625834085,9,46,3
0,12789707,2021-07-08T23:26:08Z,1625786768,9,46,3
0,12785683,2021-07-08T08:35:02Z,1625733302,3,40,4
0,12784642,2021-07-08T04:37:58Z,1625719078,3,40,4
0,12766239,2021-07-05T07:49:06Z,1625471346,9,46,3
0,12762950,2021-07-04T19:36:00Z,1625427360,9,45,3
0,12751401,2021-07-03T00:23:02Z,1625271782,3,40,4
0,12747096,2021-07-02T08:24:49Z,1625214289,9,46,3
0,12716699,2021-06-27T14:49:09Z,1624805349,9,46,3
0,12710855,2021-06-26T16:57:46Z,1624726666,9,46,3
0,12703883,2021-06-25T14:50:05Z,1624632605,2,75,0
0,12703493,2021-06-25T13:19:55Z,1624627195,2,75,0
0,12703458,2021-06-25T13:13:23Z,1624626803,2,75,0
0,12694611,2021-06-24T03:59:32Z,1624507172,3,74,4
0,12686781,2021-06-22T22:36:26Z,1624401386,9,45,3
0,12679986,2021-06-21T21:16:02Z,1624310162,1,0,0
0,12662819,2021-06-19T05:03:54Z,1624079034,9,46,3
0,12662376,2021-06-19T03:15:14Z,1624072514,9,46,3
0,12656260,2021-06-18T04:17:48Z,1623989868,9,46,3
0,12656056,2021-06-18T03:34:09Z,1623987249,9,46,3
0,12656022,2021-06-18T03:25:53Z,1623986753,9,46,3
0,12654651,2021-06-17T22:30:17Z,1623969017,3,40,4
0,12642043,2021-06-15T23:25:17Z,1623799517,9,45,3
0,12621995,2021-06-12T21:09:33Z,1623532173,9,46,3
0,12621564,2021-06-12T19:40:43Z,1623526843,9,45,3
0,12611214,2021-06-11T04:49:02Z,1623386942,2,75,0
0,12604507,2021-06-10T04:07:36Z,1623298056,9,45,3
0,12597510,2021-06-09T01:56:32Z,1623203792,9,45,3
0,12594653,2021-06-08T15:19:46Z,1623165586,9,45,3
0,12587575,2021-06-07T13:12:26Z,1623071546,9,45,3
0,12586203,2021-06-07T07:55:32Z,1623052532,9,45,3
0,12585422,2021-06-07T05:00:49Z,1623042049,9,45,3
0,12584708,2021-06-07T02:17:03Z,1623032223,9,46,3
0,12565996,2021-06-04T05:09:55Z,1622783395,3,40,4
0,12547423,2021-06-01T08:16:10Z,1622535370,9,46,3
0,12546699,2021-06-01T05:22:24Z,1622524944,9,46,3
0,12544361,2021-05-31T20:48:37Z,1622494117,9,46,3
0,12540312,2021-05-31T05:46:36Z,1622439996,9,76,0
0,12533107,2021-05-30T02:41:00Z,1622342460,3,40,4
0,12518627,2021-05-27T21:00:22Z,1622149222,3,40,4
0,12479442,2021-05-21T18:55:48Z,1621623348,3,40,4
0,12393865,2021-05-08T13:12:05Z,1620479525,9,46,3
0,12389745,2021-05-07T22:03:15Z,1620424995,3,74,4
0,12354104,2021-05-02T10:02:59Z,1619949779,3,74,4
0,12351979,2021-05-02T02:02:46Z,1619920966,9,46,3
0,12350764,2021-05-01T21:28:32Z,1619904512,9,46,3
0,12348015,2021-05-01T11:28:49Z,1619868529,2,75,0
0,12347633,2021-05-01T10:09:44Z,1619863784,9,46,3
0,12347619,2021-05-01T10:06:29Z,1619863589,9,46,3
0,12347582,2021-05-01T09:58:28Z,1619863108,9,46,3
0,12339090,2021-04-30T02:15:22Z,1619748922,9,46,3
0,12332005,2021-04-28T23:59:15Z,1619654355,3,74,4
0,12318478,2021-04-26T21:50:19Z,1619473819,9,46,3
0,12309536,2021-04-25T12:46:57Z,1619354817,9,46,3
0,12298770,2021-04-23T20:56:57Z,1619211417,9,46,3
0,12296201,2021-04-23T11:32:16Z,1619177536,9,46,3
0,12291283,2021-04-22T17:09:11Z,1619111351,9,46,3
0,12281358,2021-04-21T04:12:18Z,1618978338,9,46,3
0,12218942,2021-04-11T13:39:27Z,1618148367,9,46,3
0,12218543,2021-04-11T12:11:40Z,1618143100,9,46,3
0,12213352,2021-04-10T16:53:44Z,1618073624,9,46,3
0,12179119,2021-04-05T10:26:51Z,1617618411,9,46,3
0,12104456,2021-03-24T22:59:52Z,1616626792,2,75,0
0,12102866,2021-03-24T17:13:12Z,1616605992,3,40,4
0,12078805,2021-03-20T23:53:29Z,1616284409,9,76,0
0,12053759,2021-03-17T03:38:02Z,1615952282,9,46,3
0,12050784,2021-03-16T16:43:12Z,1615912992,2,75,0
0,12021150,2021-03-12T02:54:14Z,1615517654,9,46,3
0,12020733,2021-03-12T01:26:17Z,1615512377,9,46,3
0,12019385,2021-03-11T20:20:55Z,1615494055,9,46,3
0,12019340,2021-03-11T20:10:41Z,1615493441,9,46,3
0,12018141,2021-03-11T15:40:36Z,1615477236,3,40,4
0,12006492,2021-03-09T20:34:08Z,1615322048,3,74,4
0,12000817,2021-03-08T23:22:17Z,1615245737,3,40,4
0,12000770,2021-03-08T23:11:42Z,1615245102,3,40,4
0,11995945,2021-03-08T05:18:13Z,1615180693,9,45,3
0,11995944,2021-03-08T05:18:09Z,1615180689,9,45,3
0,11987668,2021-03-06T22:48:31Z,1615070911,3,40,4
0,11972552,2021-03-04T15:17:26Z,1614871046,3,40,4
0,11963428,2021-03-03T05:35:35Z,1614749735,3,74,4
0,11958698,2021-03-02T12:02:13Z,1614686533,9,46,3
0,11958355,2021-03-02T10:44:36Z,1614681876,3,40,4
0,11955055,2021-03-01T22:33:32Z,1614638012,3,18,17
0,11950639,2021-03-01T06:13:04Z,1614579184,3,40,4
0,11942183,2021-02-27T22:57:57Z,1614466677,9,46,3
0,11938969,2021-02-27T11:03:49Z,1614423829,9,46,3
0,11938184,2021-02-27T08:06:27Z,1614413187,3,40,4
0,11936744,2021-02-27T02:46:06Z,1614393966,9,46,3
0,11936154,2021-02-27T00:34:45Z,1614386085,9,46,3
0,11936092,2021-02-27T00:20:57Z,1614385257,3,40,4
0,11934944,2021-02-26T20:17:15Z,1614370635,3,40,4
0,11934809,2021-02-26T19:44:36Z,1614368676,3,40,4
0,11934807,2021-02-26T19:43:18Z,1614368598,3,40,4
