,blockNumber,timestamp_iso8601,timestamp_unixtime,from,value
0,7772752,2019-05-16T17:55:29Z,1558029329,0x00c5e04176d95a286fcce0e68c683ca0bfec8454,48000000000000000000000000
0,7772483,2019-05-16T16:54:28Z,1558025668,0x38b661e9df2cc4a7570618aa6645319d6bdf2f46,31999999999500000000000000
0,7772202,2019-05-16T15:51:51Z,1558021911,0x38b661e9df2cc4a7570618aa6645319d6bdf2f46,86766084187745202915629868
0,7771840,2019-05-16T14:35:02Z,1558017302,0x38b661e9df2cc4a7570618aa6645319d6bdf2f46,1000000000000000000
0,7621457,2019-04-23T03:37:18Z,1555990638,0x38b661e9df2cc4a7570618aa6645319d6bdf2f46,5000000000000000000000000
0,7576417,2019-04-16T03:07:32Z,1555384052,0x38b661e9df2cc4a7570618aa6645319d6bdf2f46,829888000000000000000000
0,7073961,2019-01-16T03:52:36Z,1547610756,0xebdce3b3775c5683c96ca754e4130ea5175de85e,1623818000000000000000000
0,6959776,2018-12-27T03:08:02Z,1545880082,0x75c18dce7f602c7d88d226e9be90a6f9bf0dded1,1
0,6939052,2018-12-23T15:19:34Z,1545578374,0x54b7a124b44054da3692dbc56b116a35c6a3e561,3319326577459952122
0,6938416,2018-12-23T12:47:21Z,1545569241,0x54b7a124b44054da3692dbc56b116a35c6a3e561,3361083079206113367
0,6857534,2018-12-09T23:42:49Z,1544398969,0xae131b8f5091aea74f161b26802f796214e9ba97,617989056403290
0,6856913,2018-12-09T21:14:53Z,1544390093,0xdb4130ace981f6e95e9b838861e03d15f0c19057,319923231329906
0,6844544,2018-12-07T20:15:41Z,1544213741,0xdb4130ace981f6e95e9b838861e03d15f0c19057,586856216092415
0,6842994,2018-12-07T14:05:54Z,1544191554,0xe1b4319ff216dcc9f6651d1027d6284bc268a1c9,11207103405298074
0,6839655,2018-12-07T00:34:12Z,1544142852,0xcb1045949b8e79008d64fdab8f81fd53fdcdd215,1076707433355505
0,6839635,2018-12-07T00:29:42Z,1544142582,0xcb1045949b8e79008d64fdab8f81fd53fdcdd215,1077384221391406
0,6839396,2018-12-06T23:34:10Z,1544139250,0x22f1c2238c77698d95d2bf09442c289e26093169,10155138361692785
0,6839275,2018-12-06T23:06:44Z,1544137604,0x22f1c2238c77698d95d2bf09442c289e26093169,10258172672504079
0,6839212,2018-12-06T22:52:05Z,1544136725,0x22f1c2238c77698d95d2bf09442c289e26093169,10335873047601463
0,6839140,2018-12-06T22:38:34Z,1544135914,0x22f1c2238c77698d95d2bf09442c289e26093169,10472099972824862
0,6839098,2018-12-06T22:26:19Z,1544135179,0x22f1c2238c77698d95d2bf09442c289e26093169,10563491925718147
0,6839040,2018-12-06T22:14:01Z,1544134441,0x22f1c2238c77698d95d2bf09442c289e26093169,10421052075333613
0,6530285,2018-10-17T06:13:37Z,1539756817,0xbbab93283b0660b741f8b4d9cb03ef752cd1872c,1643985999999999999999999
0,6525832,2018-10-16T12:45:05Z,1539693905,0xbbab93283b0660b741f8b4d9cb03ef752cd1872c,1
0,5986067,2018-07-18T11:18:27Z,1531912707,0x00d41f0c9a94edbfac0cc0b3b02bd1f14a5ee237,2528767000000000000000000
0,5444201,2018-04-15T09:19:23Z,1523783963,0x00d41f0c9a94edbfac0cc0b3b02bd1f14a5ee237,2220314000000000000000000
0,4912123,2018-01-15T10:40:23Z,1516012823,0x00d41f0c9a94edbfac0cc0b3b02bd1f14a5ee237,1821586000000000000000000
0,4381896,2017-10-18T07:31:20Z,1508311880,0x00d41f0c9a94edbfac0cc0b3b02bd1f14a5ee237,986000000000000000000000
0,4381748,2017-10-18T06:56:04Z,1508309764,0x00d41f0c9a94edbfac0cc0b3b02bd1f14a5ee237,1000000000000000000
0,4380327,2017-10-18T01:26:49Z,1508290009,0x24b29cc8a5570bf728bd56679e1089d6c27891bb,12000000000000000000
0,4380224,2017-10-18T01:04:09Z,1508288649,0x24b29cc8a5570bf728bd56679e1089d6c27891bb,10000000000000000000
0,4380169,2017-10-18T00:51:06Z,1508287866,0x24b29cc8a5570bf728bd56679e1089d6c27891bb,3999999999999999989
0,4380139,2017-10-18T00:44:06Z,1508287446,0x24b29cc8a5570bf728bd56679e1089d6c27891bb,5000000000000000000
0,4380115,2017-10-18T00:38:31Z,1508287111,0x24b29cc8a5570bf728bd56679e1089d6c27891bb,10
